date,source,query,title,description,link,published
2026-08-16,google,건강,"심평원 강원본부, 인제 백담마을 합동 한의의료봉사","심평원 강원본부, 인제 백담마을 합동 한의의료봉사 v.daum.net",https://news.google.com/rss/articles/CBMiT0FVX3lxTE1HR3VOSmRDT2h4NHhwVHJJMmt1LUktQ1RBa0VRaGNjSURqdnc1UC1Eeks4dGFSeDRTQzJkaWh6bzJwbGJmdlJ2YzdnbmFrVXM?oc=5,"Sun, 16 Aug 2026 01:09:07 GMT"
2026-08-16,google,건강,"셀레나 고메즈 정신건강 스타트업, 사기 혐의로 피소","셀레나 고메즈 정신건강 스타트업, 사기 혐의로 피소 지디넷코리아",https://news.google.com/rss/articles/CBMiVkFVX3lxTE44aW4xeTJob3F4LTZYVVBxdTkzcDUwMUVnLVA0c0F2d0wxOUlicXljQUIxZEZNMlNFMlFVTGZka08tdkpHSTUxTS1tYWZ2cS1BbmdZbWZn?oc=5,"Sun, 16 Aug 2026 01:25:59 GMT"
2026-08-16,google,건강,"삼성·애플, 스마트워치 ‘건강 데이터’ 쟁탈전 펼쳐져","삼성·애플, 스마트워치 ‘건강 데이터’ 쟁탈전 펼쳐져 IT조선",https://news.google.com/rss/articles/CBMicEFVX3lxTE9LSm1nWFg3UkR4TlZVb3htcHo5dkl6UmIxRXdvdlMwUkp6bmpkZURYTnJnNGZlNmZNNlA2MUFwRGVqdW1qNzFwLWdkQkNacGlSdDgxM2hXZzhDSElHY0lBQnlqbnNvSl9nSU82cXpNeTDSAXRBVV95cUxON2VZNWI3QlBaamtkSjJCV0RjS3RfSkFWYXhKaVlmU1FzN242N1g0d0JLR2lYQzZ2a2NRZjFuVWtUUEQwczlVQW4tMW9DRXVCMnJtaFdQTFlCd3k5RVJWOGdmUGRLcW56cVVNQmg2cldXZHM2RQ?oc=5,"Sat, 15 Aug 2026 23:00:00 GMT"
2026-08-16,google,건강,"다이빙 하다 ""쿵""…다친 사람 일으키지 마세요 [한 장으로 보는 건강] - 머니투데이","다이빙 하다 ""쿵""…다친 사람 일으키지 마세요 [한 장으로 보는 건강] - 머니투데이 머니투데이",https://news.google.com/rss/articles/CBMiakFVX3lxTFBFOGJPcjZSLUxQVHJBQTAtaUg1ZjB6WktYRnR0R0F3UnBCOU9Xekl1Tk9BUnU3d1VMdXBYTzQ0c245UVZtQzdScnpMTExlU25YelBlbVpUNkNpS3VnT1Y3STE5OGg0ZU45akHSAW9BVV95cUxPWTJCdUE5SjFKaVZFOHdHQWxxeDc1TnJfc2pUcFdST3R2WFZUZmV1TWI3cVVsZHJBXzhJam5hVW5yYi1xSXQ4d2lfSURjX0NoaW9kYkdiT3hsOG5mQmR5OFVCUEJCRDhjMHgyV0UzSDQ?oc=5,"Sat, 15 Aug 2026 07:40:00 GMT"
2026-08-16,google,건강,"""성적 올리자"" 밤새는 수험생…효과 없는 이유[수능 건강관리①]","""성적 올리자"" 밤새는 수험생…효과 없는 이유[수능 건강관리①] 뉴시스",https://news.google.com/rss/articles/CBMiYEFVX3lxTE5pZUlVWlBSdDJqX3A3MTZ3MlBnWHRUUURKRW1oeEJIMTg5YU5IakJjbVV6OXNWdFlvcm95QjlKTm01MGk2ODk3RUNHaWJnSFZWTkw2NWk4THJRWEctOVBPU9IBeEFVX3lxTE55aWtKNlN0MFI0QkxnSEIyeE5vZFF2ZTdadHBXb0V1d0FucEZKb0V5T05hVUNkUWhFOFIxYTVobnBRSmRjaTNtZldCTzNqRWFWTTN1QTAycHVXZkdMN1QwMHJ3MldrVm5aRmEtZHYyNzd1UEZaUmxwVg?oc=5,"Sat, 15 Aug 2026 09:01:00 GMT"
2026-08-16,google,건강,"""국립대병원 AI전환, 환자 맞춤 건강관리 미흡…병원간 격차 커""","""국립대병원 AI전환, 환자 맞춤 건강관리 미흡…병원간 격차 커"" 연합뉴스",https://news.google.com/rss/articles/CBMiW0FVX3lxTFBoMFdSekpGSFJIMjNNX255RDlHcUVsU0VwSkFPSGhJYVJvV01ndm5Pc1NtRU1aQ0JIVm51aEZ3UE9WMGdFa05DTnM0bFF1dm9RTnR1ZV85bldPMlHSAWBBVV95cUxOUElwS2VNWFRqUDJrZ2Q1WjRiYTMzYkN6azRTd1I3b2ZZbUdGQjNnRkhoTk1LU0c1cGZUelNLYVBmRGpReDJERFc1S05fU0JXTWxRWU9KTHdWSFE3ME1yU0Y?oc=5,"Fri, 14 Aug 2026 22:11:02 GMT"
2026-08-16,google,건강,"'당 제로' 열풍에 멀리했는데…""정신 건강에 탁월"" 반전 연구결과 나왔다[실험노트]","'당 제로' 열풍에 멀리했는데…""정신 건강에 탁월"" 반전 연구결과 나왔다[실험노트] 아시아경제",https://news.google.com/rss/articles/CBMiYEFVX3lxTE52RldMa2xFbURhZEd0a1lQeU0wdVhDUExqZnBZbTFjVzJUNkhyckdfQW5Ya1JaUU5XUDczZmU1Z2NVNG4tM09qcmUtYkduVTBITVFrNzdvZWJhNFhkWE55TA?oc=5,"Sat, 15 Aug 2026 22:18:00 GMT"
2026-08-16,google,건강,"홍윤화 ""40kg 감량 후 건강 이상 다시 늘렸다""","홍윤화 ""40kg 감량 후 건강 이상 다시 늘렸다"" v.daum.net",https://news.google.com/rss/articles/CBMiT0FVX3lxTFB3b3ZDb0NnYUFpMm1MTkZVTUhlQy1nV0NGdmpjODlfdFVzNmxBLTJLWHVfM1NTSnFJdUh2bFg1WURrNW92ZmllSVljZnhLQVk?oc=5,"Sat, 15 Aug 2026 23:27:04 GMT"
2026-08-16,google,건강,"홍윤화, 40kg 감량 후 영양 불균형…“건강 위해 다시 체중 늘려” (동치미)","홍윤화, 40kg 감량 후 영양 불균형…“건강 위해 다시 체중 늘려” (동치미) 스포츠동아",https://news.google.com/rss/articles/CBMibkFVX3lxTFBxcG1haXRzZHRrMUJZdVJHa2p4NU9vTTlaTFRMeDllbS0xU2daemVsdEVDYmZYM1AzanNQQUticFg1VmhHNGI0cnRDX09BaVJkNWRmOUx3Umk0ajFfWGNXV21FbGNSSU44dHF2UGh3?oc=5,"Sun, 16 Aug 2026 00:00:29 GMT"
2026-08-16,google,건강,"홍윤화, 기껏 40kg 감량했는데…영양 불균형 고백 ""건강 위해 다시 체중 늘려""","홍윤화, 기껏 40kg 감량했는데…영양 불균형 고백 ""건강 위해 다시 체중 늘려"" xportsnews.com",https://news.google.com/rss/articles/CBMiVEFVX3lxTE5ncGo2UUs5SUFMU1EwM0xYTU5tcGYwbUFQZGRObDliQ2tNa0M5ODNabWU4aEtzREJPNzB3eEVSUnpZV2dvSldEcmlZV0FqaDRTdnhHTw?oc=5,"Sat, 15 Aug 2026 23:08:48 GMT"
2026-08-16,google,건강,홍국이 콜레스테롤에 좋다고?…약 대신 먹었다간 [건강 팁],홍국이 콜레스테롤에 좋다고?…약 대신 먹었다간 [건강 팁] 서울경제,https://news.google.com/rss/articles/CBMiUkFVX3lxTE1NTnc4dkwxazlhcDJGd3VleU53dUJDa05FV2p1YUFPSUlfdVUzckV2SGloTEpPUVdhV1AtcUM2Rk9saWFFZG13dmNFSEZXRFZPdXc?oc=5,"Fri, 14 Aug 2026 23:30:00 GMT"
2026-08-16,google,건강,장 건강이 나쁘면 ’살’이 찐다?! 식욕까지 조절하는 장;;,장 건강이 나쁘면 ’살’이 찐다?! 식욕까지 조절하는 장;; 채널A,https://news.google.com/rss/articles/CBMiX0FVX3lxTE54MzRDSEg1WGFhOTdlaHNNYUwxZk9iNzVjUjluYkh3TVU2V1RCVGNmTFl4WnhrbnZzLVpTalVZdnQzNTZqZDBYN2Jmby1ZR0hyb21MaDUxWWk2VHlKQWJB?oc=5,"Fri, 14 Aug 2026 10:48:00 GMT"
2026-08-16,google,건강,[반려동물 건강이야기] 봄·한여름 기승 진드기...무더위 꺾여도 경계 늦추지 말아야,[반려동물 건강이야기] 봄·한여름 기승 진드기...무더위 꺾여도 경계 늦추지 말아야 헬스경향,https://news.google.com/rss/articles/CBMia0FVX3lxTE0tdDFBNldmUExjeHBGNDY0d0hQTy1CcWstTnpwVlUtZVdrTnBHLWFNOG5oamdrbkRHbUx1MXJOT2Q1RzBXOHE0QTA1U1YxemFLM2FHNGdIMk1pS3dWVXQzTDBTUWFNNGhjV2k4?oc=5,"Sun, 16 Aug 2026 00:00:00 GMT"
2026-08-16,google,건강,"""고도비만에게 운동·식단? 직접 마운자로 맞아보니""[건강비책]","""고도비만에게 운동·식단? 직접 마운자로 맞아보니""[건강비책] v.daum.net",https://news.google.com/rss/articles/CBMiT0FVX3lxTE0wZUduVS1vd2l3SHloVmFla3lPNEVJeGR2QlcyOHgzU3NCVS1ncDI5cktKVUVIeDFZN1RBR093d1RFUkxtSXBEdGFQdVVuYjA?oc=5,"Sat, 15 Aug 2026 20:03:04 GMT"
2026-08-16,google,건강,"세라젬, 110여개 웰라운지로 체험 마케팅 강화…‘건강관리’ 입힌다","세라젬, 110여개 웰라운지로 체험 마케팅 강화…‘건강관리’ 입힌다 글로벌이코노믹",https://news.google.com/rss/articles/CBMiiwFBVV95cUxOVnNhc0NkaUtTc1NoX3haaDVFZk15aGcxNTVScVl2c1l4NUdjcFI4UHFFQ3Bna2Vsajl1bWx1b0pSQWdMZThFNE14a1Z4WUNQM2h4QXBUaUt3Vkd4d0hnMUdXYV9NN1gwQnk4dDhYODRGeUo0ZFROZ010MHhnNnQzbGNJYjUwQnQxektV?oc=5,"Sat, 15 Aug 2026 22:00:00 GMT"
2026-08-16,google,건강,운동 후 무릎 통증…단순 근육통으로 넘겨도 될까?,운동 후 무릎 통증…단순 근육통으로 넘겨도 될까? 매경헬스,https://news.google.com/rss/articles/CBMibEFVX3lxTE1mU3hhakZXQjhnU2V2Yjd3M2RoNUNLeXFqdFdpb3R4NjBRTFpQN05rTGZYZmhMakt6WjVfay1PWkhPdGQ1R1pLUS1xNTQxZXAtb196V1ViX1hvU3pqbHNpWk51dkJPNnRTQW9TNw?oc=5,"Sun, 16 Aug 2026 01:00:00 GMT"
2026-08-16,google,건강,"우유·양고기·석류·무화과…SNS 휩쓴 ‘이 식단’, 대체 뭐길래?","우유·양고기·석류·무화과…SNS 휩쓴 ‘이 식단’, 대체 뭐길래? 농민신문",https://news.google.com/rss/articles/CBMiWkFVX3lxTE1ya1NONy03ekl0QnNUZ1FQYU1kc05MYTExZTY1dDk0Qk9Nb2FMclVhV0djWnM2R1ExQ2ZkYmlzRVNjYkdiRmhzdGcyZS1CRHdXX0E3WVVwbEtudw?oc=5,"Sat, 15 Aug 2026 20:00:00 GMT"
2026-08-16,google,건강,여성과 아동의 건강을 돌보기 위한 노력을 조율합니다.,여성과 아동의 건강을 돌보기 위한 노력을 조율합니다. Vietnam.vn,https://news.google.com/rss/articles/CBMic0FVX3lxTFBuMGdmazFFQ2kydkNqLWVCTmN6RlY3Y3pnV0xhZjZGdUUyZW5EOXdXT3lZb09CdU80SmFnQmhKNFU2dk1aVjI1QnYzdC1RV3V6ZTJMck5BaEc1OGVYLXdPZmtINi1CV2Rtb25xZG9UeVdCTUE?oc=5,"Sun, 16 Aug 2026 00:29:56 GMT"
2026-08-16,google,건강,"국민건강보험공단 고양일산지사, 저소득 영유아 가정에 육아용품 지원","국민건강보험공단 고양일산지사, 저소득 영유아 가정에 육아용품 지원 고양신문",https://news.google.com/rss/articles/CBMiakFVX3lxTE43d000ODBSZnNyeXB6NUtqWWhkSS1lYWFVWFJ2QjlJd1R6TExtcENkYkVueWQ4bUY4TW5iQ2tWUnVSWmt3Z2tTRFlwcnJpaURzN1diZ25HLXV6bTY2czhrbWhZZkZwM0V0ekE?oc=5,"Sun, 16 Aug 2026 00:51:26 GMT"
2026-08-16,google,건강,"청소년 8명 중 1명, 부모와 주 4회 미만 식사…스트레스·우울감 더 높아","청소년 8명 중 1명, 부모와 주 4회 미만 식사…스트레스·우울감 더 높아 매일경제",https://news.google.com/rss/articles/CBMiVEFVX3lxTE9pNk9GUFdnSzhhanhxMnZGUmg2b2ZaMUFTN0Q3bDNya1pHc19QbGpqSUx6LWJfOFh3RVFqMHhHb1JBZVNxZmV6c0VVMWgyaS13QnJHdA?oc=5,"Sat, 15 Aug 2026 23:47:44 GMT"
2026-08-16,google,의료,거주지 기준 ‘의료이용 제한’ 움직임…개원가 ‘반발’,거주지 기준 ‘의료이용 제한’ 움직임…개원가 ‘반발’ 데일리메디,https://news.google.com/rss/articles/CBMiaEFVX3lxTE1pU1Vmc0ZCbjc0QjNzNjIySzBzNVhsSGVCVUlzSGtLSF9ueTBWTjIwMGVZYm5sSHZGYnNJTWlCUjZtcGhIdXJfMjhhUFkwcWpnTG5pVmZhSkc4empGanY1VFF1Y0hJeU1t?oc=5,"Wed, 12 Aug 2026 20:29:00 GMT"
2026-08-16,google,의료,[동행②] 비닐하우스 같은 체육관 열기보다 더 뜨겁던 의료봉사단,[동행②] 비닐하우스 같은 체육관 열기보다 더 뜨겁던 의료봉사단 의사신문,https://news.google.com/rss/articles/CBMib0FVX3lxTE1JbUdyS1ZaRXhHZG9RYzRNNjRPNi1zRkJ2LWxsZUJ5NnNTVDQybUJubVhESVFRazhVV2ZMdk0tYl9IWkQ0YXgyY1lPRVUzT0dZZEgxMXRmZ1RDU0RvTm5vanBIRzU1ZC16NGttZjdrMA?oc=5,"Sun, 16 Aug 2026 00:33:00 GMT"
2026-08-16,google,의료,“우리 집안은 의료 명문” 하영 부친도 자랑했는데…실제 경력 논란,“우리 집안은 의료 명문” 하영 부친도 자랑했는데…실제 경력 논란 주간조선,https://news.google.com/rss/articles/CBMia0FVX3lxTE9wX1NNMzRUb1JJTnVQNjFCRDJDalNJbzNNMG14akp5VFg0RndOVkV4WDZkbGhpQXJ2SXNOWUNlc1Rub3l0ck8xaGlYT3B6d2hTejFkN1dFRUI4UlVCTTBLYUtBcmdFczR5UkRN0gFuQVVfeXFMT1RVNUFHenBGb2pHSjYyZFFxNGVTWktYUlQ2d2tCQUZMU2ZNblY3ek91SUZPV3lUTE9wS2tTbzNFclBZOThOZVNCMXdadUNwS25PUkRkbmI1emwtZFUxelpVWE9oN1BucDN1V1lXVGc?oc=5,"Sat, 15 Aug 2026 12:05:00 GMT"
2026-08-16,google,의료,FDA 의료기기 수수료 10% 인상에…美 진출 비용 부담,FDA 의료기기 수수료 10% 인상에…美 진출 비용 부담 팜이데일리,https://news.google.com/rss/articles/CBMibkFVX3lxTE55NlNyeWJDeFZtY0ljdG83ckh4aEJveVlQSzg2ZVZvTkE1OHJpVm15M0RlbC1tWGFJdVhYUGNubXlkblZLLW1URGVCX3FtTTBRNkx4V1ZwTEhCMHFxbWtSVGNiX1BRUmlEOHZwOHlR?oc=5,"Fri, 14 Aug 2026 23:00:10 GMT"
2026-08-16,google,의료,"""기술개발부터 해외진출까지""…정부, 국산 의료로봇 전주기 지원","""기술개발부터 해외진출까지""…정부, 국산 의료로봇 전주기 지원 뉴스1",https://news.google.com/rss/articles/CBMiVkFVX3lxTFBJdFVIR2JTS2Z0ejNBeXBwdmxuMjNTOEo5eTZEbUhSMmh5TUlhYnNfRmxKSVc1UDNuZGZlRDljUjJ1RkhkbTBGUUNKa0Q5eTFJVVhsb3d30gFbQVVfeXFMTjQtMVAwUEl0bzhkUF9fblFPNzBiQUhycDVXWDFuZW5LZ0tXTXRFb3NCWEdvUFpVS2FzWXdmbU5ZTjFqcWZTcWh6RDdLRHF3aUR3eFZaM0wweFctZw?oc=5,"Sat, 15 Aug 2026 21:00:00 GMT"
2026-08-16,google,의료,“소아 응급의료 확충 필요”···아이 잃은 엄마의 청원에 2만 명 넘는 이들이 동의했다,“소아 응급의료 확충 필요”···아이 잃은 엄마의 청원에 2만 명 넘는 이들이 동의했다 khan.co.kr,https://news.google.com/rss/articles/CBMiWkFVX3lxTE9DdWcydkFSSWpYRW5VNGQxVUdSWVpvNi15QTF2MC1HQlE4bGNyaG01TWFza0tzOVBLZHhkekZSaDBOamF0LVR6a0JyUXNpMGtuWlJHVU1mX2pWUdIBX0FVX3lxTE9hdVB2a1h6OE51MTFLaXJkSW5lVlczX3BfcHB2NEI4SlkxTk9yYlYzdGRhQXpjSmRHbDRGTVJ0VVJfaW9rZkZ4NkluUGpmUkI3Z1ZBUERvQjQ5QjFzTVZV?oc=5,"Fri, 14 Aug 2026 11:00:00 GMT"
2026-08-16,google,의료,"특별시 동부권 7개 시·군, 공공기관 이전·필수의료 확충 '맞손'","특별시 동부권 7개 시·군, 공공기관 이전·필수의료 확충 '맞손' 뉴시스",https://news.google.com/rss/articles/CBMiYEFVX3lxTE9mQmgybFJmVXo4Y0NfSENwUWZCelNhUkxQbjdMVmxvVGtqM0pOalIyZElBaFUxYVNFdEtLRlF5X1Z2c010R2ktMmsxbTR4SkxxN1RKRERtNWVid3FhWlFxZNIBeEFVX3lxTE1PeVJCblVEUlpHSmliUC1iOXE2ZGszWHlwUW00U0ZHSUU2a29DVUhWVVdqRjFwWndLLWxQOUVuak1tV3pqMDBPT2E5d3Q2dlA4eUNUVng0Q0ZXUlZUYV9KWURGREFtaEVkZUtoM1Zac2hrLW52Ry1GNA?oc=5,"Sat, 15 Aug 2026 04:21:07 GMT"
2026-08-16,google,의료,"연명의료 중단·유보 기준 손본다, 연내 제도개선 권고안 마련","연명의료 중단·유보 기준 손본다, 연내 제도개선 권고안 마련 이투데이",https://news.google.com/rss/articles/CBMiWkFVX3lxTE5BN0QzeVZzWlFRZnB0YnpVYW5ROVNhWVRnb2tZWDJsa2NuOU8tb3RGSGRyUXlYZ05kdW9FSWU3NU41RVM3ZGpGOVpDOXFFV1hRZWZSdF9wLWk1dw?oc=5,"Fri, 14 Aug 2026 07:26:00 GMT"
2026-08-16,google,의료,"연명의료결정, AI·보건의료 데이터, 생명윤리 현안 해법 찾는다","연명의료결정, AI·보건의료 데이터, 생명윤리 현안 해법 찾는다 서울Pn",https://news.google.com/rss/articles/CBMiYkFVX3lxTE1UdDVQby1NMnlKS1hfM2JuUndRd0ZwaGxMN2pyNncwaUM5Y0w5a1RwMnh6ekNCZzlzY29lNnQzc2lTQ2pLYV9XdUwzemlXQWctSUtrWGFycjFUT2s3M3dCWU1R?oc=5,"Fri, 14 Aug 2026 08:05:54 GMT"
2026-08-16,google,의료,"연명의료 유보·중단 시기, '임종기→말기'로 확대 검토…연내 권고안","연명의료 유보·중단 시기, '임종기→말기'로 확대 검토…연내 권고안 v.daum.net",https://news.google.com/rss/articles/CBMiT0FVX3lxTE45QVduVWtwM214YXBNU0syUE14NVlPLVptdk8tOXplTE4tano3ZVVEV2FDZk9MbFJVeElaOFkwaUJjcWVUbzl3STdPYzAxNHc?oc=5,"Fri, 14 Aug 2026 07:39:31 GMT"
2026-08-16,google,의료,"한국의료관광진흥협회-야놀자리서치, 의료·웰니스 관광 활성화 MOU","한국의료관광진흥협회-야놀자리서치, 의료·웰니스 관광 활성화 MOU 헤럴드경제",https://news.google.com/rss/articles/CBMiVkFVX3lxTE5aWFBiQi1WRWU3RlZoN0R6ekZJeTY0LVhSQTJ2OWtMVnZHTWxJRm9uSnJRZW5lQjhYLVV2STQ1M0lkMWpGQkZZeWgtSW5YSHpMUWxfS1BR?oc=5,"Sat, 15 Aug 2026 14:29:28 GMT"
2026-08-16,google,의료,"심평원 강원본부,인제군 백담마을 찾아 합동 한의의료봉사","심평원 강원본부,인제군 백담마을 찾아 합동 한의의료봉사 한국의약통신",https://news.google.com/rss/articles/CBMia0FVX3lxTE4wRG1IVDJvWnFwUHhQb3JQT1RWTVNHYUhrRnRndG1rMzRVWXRnS1VYWTJmc0I5SlFWeUNNLVFkZmtDMmtfcDYycUpDbS12UjN2MGszLWs3Y19jQzl6dldaWjlkbVR4bm1MVHpv?oc=5,"Sat, 15 Aug 2026 23:49:28 GMT"
2026-08-16,google,의료,"가난한 60세 신체 능력, 부유한 75세와 비슷","가난한 60세 신체 능력, 부유한 75세와 비슷 dongascience.com",https://news.google.com/rss/articles/CBMiVEFVX3lxTE1BdVVnNlkzWGphNG9VU0RtV1Y1Z2lQX3VKMUJvVFpqdTBfQ1AtTlN5YWNvOFYzc0h2N283QnlTV05pdWlUNUVrcnVETnhiWl9sVmtWYQ?oc=5,"Sat, 15 Aug 2026 23:00:00 GMT"
2026-08-16,google,의료,중증응급의료 현장 남은 전문의에 '잔류 이유' 물으니?,중증응급의료 현장 남은 전문의에 '잔류 이유' 물으니? 의협신문,https://news.google.com/rss/articles/CBMiiwFBVV95cUxNcDhpWWhQYmZvWkFJYzlLMTZYWXZPUTNQOTZqckFwN2dkY2hDR21aOHdwb0R3OVh1X2NtMGc2cUFhSXRnT0tENllrdlNqYzkxbDlSMEp3TU9oeTdETk5zY2lSWHgtTUdRYktaTEZtZWhFTlhJdGNZV1BmX3NJa3g5WDFhWnN2dzY3LW9J?oc=5,"Fri, 14 Aug 2026 04:56:39 GMT"
2026-08-16,google,의료,"'소생활권' 의료체계에 내과계 반발…""진료범위 제한 안돼""","'소생활권' 의료체계에 내과계 반발…""진료범위 제한 안돼"" medipana.com",https://news.google.com/rss/articles/CBMia0FVX3lxTFBWZ21hTkRwVFp1R3BGMmZqT3pkQUZqQTJKTGRuQk1XOUREY1VQMlBhQ296a200YUtCLWJvVS02QlNsRldtSHpIX2puTU44Uk9oeGZMSDllYWc4empYdGpraEhWNEJrckl2a2tV?oc=5,"Wed, 12 Aug 2026 00:51:56 GMT"
2026-08-16,google,의료,"GC메디아이, 영업익 302% 뛴 이유… ‘전자차트 회사’ 넘어 ‘의료 OS’","GC메디아이, 영업익 302% 뛴 이유… ‘전자차트 회사’ 넘어 ‘의료 OS’ 이코노미톡뉴스",https://news.google.com/rss/articles/CBMibEFVX3lxTE81M3VidWRJSTJ3WmROVDNVcDJ3V204S21HV2xmdk82OG02azNURkxMUE9pNHB5REljaEdteUJ4SlduWkFCSlp3TDNtOV9KTHQzOHVkLVhzQkEySWZmM3dvSE00ajlVcTNfTHI3dw?oc=5,"Sat, 15 Aug 2026 20:00:00 GMT"
2026-08-16,google,의료,"현대차그룹, 인도네시아서 PV5 기반 이동형 의료서비스 실증","현대차그룹, 인도네시아서 PV5 기반 이동형 의료서비스 실증 fetv.co.kr",https://news.google.com/rss/articles/CBMiaEFVX3lxTE1JWXIyTHV0blZJYTh6bTdjcHl5Z293TGpOVjdtM19vSWJoTlFnSW1ScEd2ekxUTmduUEFBOEFaZDZvZUtrMm1jMExCbHl1MlJjVWV6TTdwaXB1YjA5cXYwbUJVOHNKUzZt?oc=5,"Sat, 15 Aug 2026 23:00:00 GMT"
2026-08-16,google,의료,"정부, ‘소생활권 일차의료 권고안’ 의료 제한 우려에 “사실무근”","정부, ‘소생활권 일차의료 권고안’ 의료 제한 우려에 “사실무근” 간호사신문",https://news.google.com/rss/articles/CBMibkFVX3lxTE4zdlZyMWlmUGtjSVhXdk1TdFR4SGEybjNYSkEwZ2dwNnhCbEEydmlLTUxhTF9rSkNVNmdXU3AyUlRNSGdBQl9nS2ctcFlPekpkSlhCYkRzXzlCeFpKZGRLZlRXN3RXU1ZpajNmdUJR?oc=5,"Fri, 14 Aug 2026 05:30:44 GMT"
2026-08-16,google,의료,"보훈공단, 전국 보훈요양병원 의료혁신 논의","보훈공단, 전국 보훈요양병원 의료혁신 논의 병원신문",https://news.google.com/rss/articles/CBMiakFVX3lxTE9BZWNBcUJqbkNVSmRjTXJ2S2p3R3NDQWpCYjJSemgtNV92dS05WV9GM3UyN1owSEJDaFVuOE9LR09BRTB5Y1hvNDhwMnNINUFHT0pOb0ZvWXdQNG4xdV9sbVI2MUhSS0Q2MkE?oc=5,"Sat, 15 Aug 2026 06:00:10 GMT"
2026-08-16,google,질병,질병청 “부모와 함께 하는 식사 주 1회 늘면 청소년 스트레스 12%↓”,질병청 “부모와 함께 하는 식사 주 1회 늘면 청소년 스트레스 12%↓” kyeonggi.com,https://news.google.com/rss/articles/CBMiW0FVX3lxTE43Q0xSaFpYTU9wdG9jOFlCd295RGRPdWdQTWR6elBseHJ1TFVzRzdJYTBiOXdXdnc5SGwxYUxDTUoyam0wTVMyenA1eS1JaDJBWURKQWg3ZkNtczA?oc=5,"Sat, 15 Aug 2026 22:27:39 GMT"
2026-08-16,google,질병,"질병청, 전국에 말라리아 경보 발령","질병청, 전국에 말라리아 경보 발령 v.daum.net",https://news.google.com/rss/articles/CBMiT0FVX3lxTFBCd1JMLTlaVnc3UXE1c3dGSk9TQ21rMS01U1ozd2NvWlNZRGo2LV9jNzgyQlc4ZXM0QU4xQWJVdjFyeHZDaHlsYTV0VkVEVU0?oc=5,"Fri, 14 Aug 2026 00:24:09 GMT"
2026-08-16,google,질병,"성관계 후, ‘두 가지 행동’ 꼭 해라… 질병 예방 효과","성관계 후, ‘두 가지 행동’ 꼭 해라… 질병 예방 효과 헬스조선",https://news.google.com/rss/articles/CBMif0FVX3lxTFB0aXBaU2NadXlXMHNyRm1pUElzRDdBaE04a09ncm5RTEViZUlZT3RNV2FSSXl1NzlNUGo5eEp6bDVDWUN3QWxGMlJYRnhVMXcwQU5wTGRaTFBjZ0dRQjBTSWlsRXFfem53NmFJV1Z5c2RZRDBBOVgybThET1ljSms?oc=5,"Thu, 13 Aug 2026 15:30:00 GMT"
2026-08-16,google,질병,"GC녹십자, 질병청 주관 'mRNA 백신 국내기술 개발 현황과 계획' 참석","GC녹십자, 질병청 주관 'mRNA 백신 국내기술 개발 현황과 계획' 참석 뉴스1",https://news.google.com/rss/articles/CBMiYEFVX3lxTFBwS0J4Y09Jb3dHVjVWR240OWNMclpSLVc1blV4LU1Qazc0OHBzcG9ELThZNjRaNE5EUG5GYzBzTHJpVS13dWJ2dnc4Y0RVZGRZay1WMDRXdlRnQWhxa2dnRdIBZkFVX3lxTE1YZ2pBUDNtWHBjNU5XWEhnQnFKYWhuUVRQWXFRRGVoUDNlWmdRVHlyVUNnNWZhWjhJcHg3TFVqWW1pV0lpa3ppZ0VoU2Q3Z3JxVktnNFJYTW41Z2k4bFpqT2VlM3hrUQ?oc=5,"Thu, 13 Aug 2026 05:06:45 GMT"
2026-08-16,google,질병,코로나19 후 계속되는 기침…알레르기 질환 있으면 천식 위험 66%↑,코로나19 후 계속되는 기침…알레르기 질환 있으면 천식 위험 66%↑ 매경헬스,https://news.google.com/rss/articles/CBMibEFVX3lxTFBLZDUzdWNDT1FMRWNJVF9JeUJ1WFBUd3ZzU0F6ajFUN2FFalFrT3NDbzhpel81M2ZaSjQ1aHRYaEp6WWMybmtxc0lNUmZyRFUzVWU0Z3pBaHJEU3A4amhYbVVzSTRMUjNxamJyTA?oc=5,"Sat, 15 Aug 2026 01:00:00 GMT"
2026-08-16,google,질병,"[헬스] CurePSP '환자의 목소리' 보고서 발간… ""질병 진행 늦추는 근본적 치료제 절실""","[헬스] CurePSP '환자의 목소리' 보고서 발간… ""질병 진행 늦추는 근본적 치료제 절실"" insjournal.co.kr",https://news.google.com/rss/articles/CBMib0FVX3lxTE8zUEhmem04SFlIWTRaUnVXcHBYRnJRdzBTdmZnaVhUc2o1ME40WnB1WjdrQUF2WmgxRGRFdjl1dG9tYXo3ZENLRDNwNlN6WHJsX2pMU2I3dHNzRUZhNjJFencwbmhSZWl0cFMzSWZEZw?oc=5,"Thu, 13 Aug 2026 02:23:11 GMT"
2026-08-16,google,질병,"[월드 이슈] 홍역 유행하는데, 백신 접종 질병 축소?","[월드 이슈] 홍역 유행하는데, 백신 접종 질병 축소? v.daum.net",https://news.google.com/rss/articles/CBMiT0FVX3lxTFA0TVJCZE4wdzJlVzgtWGswOEdqaU02M0pnRHEyOXlJYWNiaU5WNjRFT2NqeEJSbG9IOFVscGsyOGl6NVpGNGhWRWFmSXU1b0k?oc=5,"Thu, 13 Aug 2026 06:33:18 GMT"
2026-08-16,google,질병,"질병청, 말라리아 경보 전국 발령 - 조선비즈","질병청, 말라리아 경보 전국 발령 - 조선비즈 Chosunbiz",https://news.google.com/rss/articles/CBMihwFBVV95cUxQN1ZrQ2VLa1BwZS1aSm1Id0pGNmpDZnVMYzM2SXZEVk45dDhMSkozb3BqUXozM0p2a1dZLWpmV2J1RXBNNVdLa0pHcDJLNEVkQkhTSDRBSlpHRjhNdS1Wc3R6TnIyT0Y4Uk1QSWJwODhFMkk4WFNSeDFQNVNOdlhkR2FUbHhudmPSAZsBQVVfeXFMTmxGZmdYMXdabUtydFNYTlVaaWlOWTg3dHFSV3I3Q1JjbFZvLW5MLVk0UTZKUlVRMW0tVkktZm9YaHdQdkFGZTREVGJjeDEwOWdqalpiM2JoMHV6dnBBVWZTbEZsQXhzdGVMaGMzM1JJNzRBUTJBVXRMYjhWLVdpVl8tZnM4NDZ2eFh6OFdSZE1QeVB4bUV3Rnp0RXc?oc=5,"Thu, 13 Aug 2026 05:41:00 GMT"
2026-08-16,google,질병,"질병청, 전국 ‘말라리아 경보’ 발령","질병청, 전국 ‘말라리아 경보’ 발령 조선일보",https://news.google.com/rss/articles/CBMijwFBVV95cUxNRWg5bmhUSGJZTEYwZkhmTjlzUTZFRG40UHBGbzd4bE53dUE0SzhsaFpHQlZpY2hCV201Q3lKWlNzWjJNOEZ6bHJxXzFhV18wREJ5ZVM3cktwNThYYndXMXg0eExnZXBIOG9vSWxDVXg4TEVpNDVoXzBHWFc1bFR1cm5HS2RGQjN3VC1PY1pBaw?oc=5,"Thu, 13 Aug 2026 09:17:07 GMT"
2026-08-16,google,질병,"질병관리청, '말라리아' 경보 발령","질병관리청, '말라리아' 경보 발령 대구MBC",https://news.google.com/rss/articles/CBMiTEFVX3lxTFAzUlhEclJYVXIxdTlQZ19MNEZndjBvdjRJZ0lJcjR3WFlsUjRqNWxYeFlqQ1oybWlrdjA1RDU2LXRLOTBEUTdfWDBiVzU?oc=5,"Fri, 14 Aug 2026 06:15:13 GMT"
2026-08-16,google,질병,돼지 기침 듣고 질병 확산 예측하고…양돈 AI 아이디어 2건 '대상',돼지 기침 듣고 질병 확산 예측하고…양돈 AI 아이디어 2건 '대상' 돼지와사람,https://news.google.com/rss/articles/CBMiYkFVX3lxTE5hWmZpZUtYczRWa1NOWXNyTkV2UnVlUnBvNVFvNjRSQVdvTnlGTFc5TzlPcTVMNTRIdERiYTFsX2hhS3RWdUFtcFBldUtwTzFkbGtzZWZyN01CcVVKRW4tNFZn?oc=5,"Thu, 13 Aug 2026 10:29:43 GMT"
2026-08-16,google,질병,"아동 백신 접종 대상 질병 11개로 축소...""감염 키울 것""","아동 백신 접종 대상 질병 11개로 축소...""감염 키울 것"" YTN",https://news.google.com/rss/articles/CBMiXkFVX3lxTE52YW1qWG0zaDFqLXBUNk1vUVNldnhBbUJ4ZXpmVXphaTVmdWxMQnJBUnItT2pCaDlUR2RYZnUzcGVpOFZ4bmFGQjVTQXNpeHJaZkhVS0Y3TlR6VWN1SUE?oc=5,"Tue, 11 Aug 2026 15:58:00 GMT"
2026-08-16,google,질병,“전국 확대라더니 지원 중단?”···질병청 고혈압·당뇨 관리 개편안에 재검토 촉구,“전국 확대라더니 지원 중단?”···질병청 고혈압·당뇨 관리 개편안에 재검토 촉구 의사신문,https://news.google.com/rss/articles/CBMib0FVX3lxTE9QUW1MOE1tbGxlR1c2RjRrMzdlVHFtQ2hRU3c5a3dudzVrR2lPeDB0Q0txR2JPOVhBeU1kWURNWDZBeEl3bXN0NUV6RE0xQ3YtLVhmVlZKUDRPeV9oc3VTM1FsdW11WWlNT1NreEpfWQ?oc=5,"Thu, 13 Aug 2026 07:51:34 GMT"
2026-08-16,google,질병,"[게시판] 질병청, 청소년건강패널조사 원시자료 활용 경진대회","[게시판] 질병청, 청소년건강패널조사 원시자료 활용 경진대회 연합뉴스",https://news.google.com/rss/articles/CBMiW0FVX3lxTFBtVU5oUmZxdlJqak10UGMtanROTW82UFVxNDhwNy1aUEtheFlTRkdnVEVaU1FmOGxzVTNTR2U1dzE0ZEttRTVWSjdkeU1BWG5UMlhfcHp4Slk2ak3SAWBBVV95cUxOS3E3YktfMER2OTluS0h2dUhwLUxJREtzNTlmcURtaEpGM1Y1am9rMDdXYzZhMXZYdkhuMzdJcW9mOHJQRWFyV0M3amJ3RE1KNk55d0ZPVE56eFZvdk5fTjg?oc=5,"Wed, 12 Aug 2026 05:23:43 GMT"
2026-08-16,google,질병,질병관리청 과장급 전보,질병관리청 과장급 전보 의협신문,https://news.google.com/rss/articles/CBMiiwFBVV95cUxOS1BFQXp3SnpwN202OWNsTUhwUUhtMU5sR2lzdlk3dDFoQklXeENpV1NTUjQ0TFVYTHI3S3dlSmpURlBubGllUmRuaV9vZ29oeVlPdzNlWWF3Tk9HdTV3NTVFMEFoUXFsX3lKaWllOVdBdHU1b2RUdUdjOVA5RTdlSWx3WWVrUFF5QkNV?oc=5,"Tue, 11 Aug 2026 01:01:28 GMT"
2026-08-16,google,질병,“질병 보장” 명동 노점 비하…튀르키예 인플루언서 영상 논란,“질병 보장” 명동 노점 비하…튀르키예 인플루언서 영상 논란 연합뉴스TV,https://news.google.com/rss/articles/CBMiZ0FVX3lxTE5zNUp2eXhnNmRyMFVuUDJ6UDMxanZPSjlteXlmczlBWW5NX2JkYTlyVnlGd2VRY1hKUnN3UFJlM0hHbGtMWTFzNTROZDRTZkEtZG01cV9pQ29kdURCbEh2REYyWGpxV1U?oc=5,"Wed, 12 Aug 2026 03:55:00 GMT"
2026-08-16,google,질병,질병청 과장급 전보(8/11),질병청 과장급 전보(8/11) 약사공론,https://news.google.com/rss/articles/CBMibEFVX3lxTFAtaEhsNEVmNk5ERXgyYjRPd3BGYW9rdkhRZm5NZmJ1d1hIc2UyTUR1aWJYWU9ELVVBSXIzNzhfZDkyMEJBRmdUWGV1QW9IcWl0b0l2SURsZFIzeVdFcjFxMXRWanBXaFdXMnV2Tg?oc=5,"Mon, 10 Aug 2026 10:15:28 GMT"
2026-08-16,google,질병,"질병청, 전국에 말라리아 경보 발령‥매개모기서 원충 확인","질병청, 전국에 말라리아 경보 발령‥매개모기서 원충 확인 MBC 뉴스",https://news.google.com/rss/articles/CBMid0FVX3lxTE9lSnNEbkpQQTR4Ym5vQUFveElXS2dUWGREVHBrRFJ0cXRTeFg2QzJZVFNWWlo2eXhRTUpQUnRSaElrdWI0bGE0b01yallnZ1hYNG5PLVRrZFY3UkEwcGRLLWxublBaZ0ZvTWR2ajRtdWR4Q0h4OUk40gF3QVVfeXFMT2VKc0RuSlBBNHhibm9BQW94SVdLZ1RYZERUcGtEUnRxdFN4WDZDMllUU1ZaWjZ5eFFNSlBSdFJoSWt1YjRsYTRvTXJqWWdnWFg0bk8tVGtkVjdSQTBwZEstbG5uUFpnRm9NZHZqNG11ZHhDSHg5STg?oc=5,"Thu, 13 Aug 2026 08:07:43 GMT"
2026-08-16,google,치료,임시 천막에서 치료받는 인니 지진 부상자들,임시 천막에서 치료받는 인니 지진 부상자들 뉴시스,https://news.google.com/rss/articles/CBMiYEFVX3lxTE00enVBcm93c1A4U1NUV0hCZWZOTlJYcGFtWHVNT1FLMmh1ODM4bGFkMnRnR2Y4UXNIM25kY0NMUzBXNEFjWGNYZHlYSVBEcVRWak82R3dnaUk3dUFhTGN0MA?oc=5,"Sun, 16 Aug 2026 01:05:28 GMT"
2026-08-16,google,치료,난임치료 확산 속…남아 생식기 질환도 늘었다,난임치료 확산 속…남아 생식기 질환도 늘었다 서울경제,https://news.google.com/rss/articles/CBMiUkFVX3lxTFB4TG53Zlg3YWJxUllyWVd3bUNMeGQ2NXN1N1JxZnhlM0lHUXFodDUycFVWRjE1a3hqSHBoLVJvb2ZDUzlFc0NfVF90eUpRTUFiRkE?oc=5,"Sun, 16 Aug 2026 00:00:00 GMT"
2026-08-16,google,치료,임시 병상에서 치료받는 지진 생존자,임시 병상에서 치료받는 지진 생존자 뉴시스,https://news.google.com/rss/articles/CBMiYEFVX3lxTE1VYVJWNGxsVVB4WWFKelM3MGJfNXNTaVJYYTZqWjBfQWphS3ZJNnZRVXliYWdfSGF0bmJLNlVmWDZyZ3hmVlVSbmE0aHNxT0JfZUYxNE9CUTlzMk9aRmFHRA?oc=5,"Sun, 16 Aug 2026 01:05:28 GMT"
2026-08-16,google,치료,미용에서 치료까지…글로벌 영토 확장 'K-톡신',미용에서 치료까지…글로벌 영토 확장 'K-톡신' v.daum.net,https://news.google.com/rss/articles/CBMiT0FVX3lxTE04OWotaERWVy1WWWpyQ1RWU1VkeEFQQ0FBb1NPMEdDX2pkV1ZSTHF5Y1RDc19vRTUtYU5fV0VaY0JmeHFMMDJRNUZmQnlmRVE?oc=5,"Sat, 15 Aug 2026 21:03:00 GMT"
2026-08-16,google,치료,"“치매 환자, 변화 적응에 어려움…치료 안정성·연속성 중요”","“치매 환자, 변화 적응에 어려움…치료 안정성·연속성 중요” khan.co.kr",https://news.google.com/rss/articles/CBMiWkFVX3lxTE1aQlZxbXpnSFMyTno1VlBDR3ZmN2FqcVloUUhjUTA0ejlpR1FqUnlFMldGd21kcXg1V05TZHN1aHhDZklQX0JQMjd2NEItSUpXVFpuM2JmTThEZ9IBX0FVX3lxTE9sM2k1d2JNWU9kUmFzd0VWZ0JkOVY0VS1hMlJQQWtUd3dNOEp3SG5mVXROMFVSWHl5ZnNsSjY3S1kycWo0NllGX0NBaVVacVotSmFVeVNTV29TeUladV9z?oc=5,"Sat, 15 Aug 2026 00:00:00 GMT"
2026-08-16,google,치료,"""치료 늦으면 간이식까지""…수십년 PBC 치료 공백 메운 '아이커보'[약전약후]","""치료 늦으면 간이식까지""…수십년 PBC 치료 공백 메운 '아이커보'[약전약후] 뉴스1",https://news.google.com/rss/articles/CBMiYEFVX3lxTFBuTV91VTgydVlXNG5GUFl3cTFReWNxN2RFOVZqYUpKTXlzMXN4NkJIbnZlWm1KZnBuUnpKcTQwdzBtdk4wVEVsWUhnM2FucG9MXzNrcHowVHNUMTdLcXRBTNIBZkFVX3lxTE4tY1YtdC13RHVhYlZpWkowLTR1NVdGQ3lqdkU3cDJJM2M5dnRLM19aX3NvY3puaHZ3WVBJVDYtVTdDYi1tUU9kcDFfNlF4SWhiQXBGTFgtQ2tsTGpTT3JSbVRvN0xxdw?oc=5,"Sat, 15 Aug 2026 01:00:00 GMT"
2026-08-16,google,치료,"열사병에도 해열제?...""치료 골든타임 놓쳐""","열사병에도 해열제?...""치료 골든타임 놓쳐"" YTN 사이언스",https://news.google.com/rss/articles/CBMijAFBVV95cUxQUmtCaXVGTW10Q2NsNWVRZ01IcElZbFVScDRnY3V5UlFkbmJocEVuUVU5RThfdUJQUmRweG9JbFBrazhQdTZzM2ZPTWxGbGdQLVRoVFZ6Y1g5Nks2ZW9BNlpYOUNZV0wyQjN3cmtRVnBNdm03MWI3OW03WUVfSzhVUGU2MUhYQlY3OVBkdQ?oc=5,"Fri, 14 Aug 2026 00:00:00 GMT"
2026-08-16,google,치료,"고형암 세포치료하면 부작용?…""피검사로 예측""","고형암 세포치료하면 부작용?…""피검사로 예측"" 파이낸셜뉴스",https://news.google.com/rss/articles/CBMiWkFVX3lxTE1FVHpJZUdiclB6S0pTQUM4T1lJbmlyTG4wRGJCaWFlN3ZiVkdDM0RrWG9wWlp2RlF3Wno3Mlc2eW1MLXpjMEtKOUFMZlFHUzZjdGV2R0tQc0dqUQ?oc=5,"Sat, 15 Aug 2026 06:01:54 GMT"
2026-08-16,google,치료,비만치료 주사 맞더니 구토하다 사망한 19세 여대생… ‘과체중’일 뿐인데 처방받아 투약 [라이프],비만치료 주사 맞더니 구토하다 사망한 19세 여대생… ‘과체중’일 뿐인데 처방받아 투약 [라이프] 서울신문,https://news.google.com/rss/articles/CBMie0FVX3lxTE9mdXYydXdzSE5ZNkh6RUYtOGoxTW02RGNIWEJVREw2R2NmNE45dlBSY1dUckVYd2gwYl9IRHdGdUxyclVLZmlnR2c3M1ZQc255UFMwdnpnUTVHSmRiM0ZlajQ4bnJVX3BvOGhxN1FmamNjWUloQm9VSHFxQQ?oc=5,"Fri, 14 Aug 2026 20:57:00 GMT"
2026-08-16,google,치료,당신이 알고 있는 '마약과의 전쟁'은 틀렸습니다,당신이 알고 있는 '마약과의 전쟁'은 틀렸습니다 idomin.com,https://news.google.com/rss/articles/CBMiakFVX3lxTE1oMmk5RjZBMmpmbGlrUmc2OUFJQlVhZzZvUUpYWGNHRjVhOUNpcF9qZ3gxd3pBdll2dXZ5WEE1SW8zZ185dGhyR3g0a3ZiWm55VTR6V3N5UkFFSk02Umx4MjRrRjJPLWEwV2c?oc=5,"Fri, 14 Aug 2026 17:23:59 GMT"
2026-08-16,google,치료,"“폐암 치료 거장들 서울 집결”…폐암학회, 국제학술대회","“폐암 치료 거장들 서울 집결”…폐암학회, 국제학술대회 병원신문",https://news.google.com/rss/articles/CBMiakFVX3lxTE1NZWktNzE4UDM3SHI0NlFBdGhramdnSWJuRVAzTTlObUhyRmozWWFJZFlDV2h0Znd0VDBISExWcDd4S2MwTi04eWNIeU9BYUhNMlZRNWI4UkZRWXlQMTBydE80QVpDOU83d3c?oc=5,"Sat, 15 Aug 2026 08:20:39 GMT"
2026-08-16,google,치료,"전이성 유방암 치료 판 넓힌 ADC, 엔허투·다트로웨이 최신 전략 공유","전이성 유방암 치료 판 넓힌 ADC, 엔허투·다트로웨이 최신 전략 공유 약사공론",https://news.google.com/rss/articles/CBMibEFVX3lxTFB6X2xPZVlCNzlfUmZEdFB4ZTQ4M0x3VDBPRlRpc21BZkRNWFIwOWhPZUZVLWRrcVRLN0V6WG5zeG5fMUNRVy1KV1RnVXNpWUJpYXZqSGRYU2dnSGcxbzI3eGR2Qm1SSS1zOVRQUQ?oc=5,"Fri, 14 Aug 2026 08:10:25 GMT"
2026-08-16,google,치료,“치매 증상 전에 찾아낸다”…혈액검사·신약 등장에 알츠하이머 치료 패러다임 전환 - 조선비즈,“치매 증상 전에 찾아낸다”…혈액검사·신약 등장에 알츠하이머 치료 패러다임 전환 - 조선비즈 Chosunbiz,https://news.google.com/rss/articles/CBMilwFBVV95cUxPcWpJNW5wY3ZONEhEalMxSGtuQzFyd1B4c1htSzdNaFNTNEh2bDZ1YkNqSHpESTBvZ1JuWXktWnROSnF1T3lTSlJyRm5UWjFCZ3pxSkhXOVlnaXlGZWZ0Y0t5aXgydG9sVzFaeDVrdVF0UWZPSXk1bF8xZ2Jpb205RE55RUNqLTNqekoyNHFESkxKTFZxNE1r0gGrAUFVX3lxTFBMcHZFcVpRV2E0QTdaSnQ5ckVFM05CSUdHRlNCR2YtTFpPd1dnWlJJdGVTY29qUjhmUkh6V3dldFZBTUsxZU1yV3ZiUm1kRUlqZGFxOG83dE1BVzV0TDAyaU5jb2kxX2RrbUhOUUEtZXNJRjhkR05rOEpBSTZaaVAydHRId0pYWTVnVVlkSmE1ZE1QMFZmemtaOGU5aGVTVXBDUGlUVGJSMzR6MA?oc=5,"Thu, 13 Aug 2026 00:59:00 GMT"
2026-08-16,google,치료,"“의사는 머리보다 가슴으로 치료하는 것”…한의학 박사 김덕호, 문학으로 전하는 ‘위로’","“의사는 머리보다 가슴으로 치료하는 것”…한의학 박사 김덕호, 문학으로 전하는 ‘위로’ 복지TV부울경방송",https://news.google.com/rss/articles/CBMiaEFVX3lxTE9RRWkxWWNhbzNTVmJXTlQ0Mng0dV9ORGZfVlJ1amw5RExxYTRaSHRMSWoxQkRrZkpLVjRreENCUmRpaHl1ZTRWZl8wRHhsT0JGOFBnRndMOUVYMUoyZzQzNkRyc19UQjVP?oc=5,"Sun, 16 Aug 2026 00:47:34 GMT"
2026-08-16,google,치료,진단 전부터 치료 후까지...검사 보장 넓힌 특약 잇따라,진단 전부터 치료 후까지...검사 보장 넓힌 특약 잇따라 파이낸셜포스트,https://news.google.com/rss/articles/CBMidEFVX3lxTE9zVTdQM25oV0lRUkVOT0RrWEZDa0FaQUp3QTVXY2JrWlZidE1YNVluRTFhWmJ6RC1ielJiR0FjbXFzTWZhSDBxc2NxN2taT1ZROGJwWF8xVU5VWVpaUWRFME0xOHpHMDZVM2c4akZJeEU0eDVw?oc=5,"Sat, 15 Aug 2026 23:00:00 GMT"
2026-08-16,google,치료,실손 풍선효과…도수치료 묶었더니 ‘냉각 스프레이 치료’ 급증,실손 풍선효과…도수치료 묶었더니 ‘냉각 스프레이 치료’ 급증 동아일보,https://news.google.com/rss/articles/CBMidkFVX3lxTE1ubFg3SV9XU1ZTUG1hMy02cVNvRjNUUVJfTGlpTy1YNGxITWd0T0lYMHNJdzZmQzA4V0FzTTlBUWFoOFZVc2VhY0s1cWo1ZXZNZlg1MjJaSTF3WXJsc1FRdEZfR09uTDlCcG9WLVZnTTFRX1NHYkHSAWZBVV95cUxQMUsyUkZUdzdBaG9hSFpmUHcteW1KV2pHMEkxLTR0Y1c0b1RWaEZzRElrM1dOQi05Wk1qNURFN1ZJNWY3Q241aHFxVWwwdFZXdDFjbTNNMm93Qm9lcGkyNTlhTi1KckE?oc=5,"Thu, 30 Jul 2026 07:00:00 GMT"
2026-08-16,google,치료,"“어깨가 굳고 밤마다 쑤신다면”… 오십견, 단계별 증상과 관리법","“어깨가 굳고 밤마다 쑤신다면”… 오십견, 단계별 증상과 관리법 하이닥",https://news.google.com/rss/articles/CBMiakFVX3lxTE1XNHdueFQ1TDVHTUl3czFfbHItU3hHX3NEai1iMFN6TmVUNERDTWNqN2M5NHVRdENmcXlhc1ptOFRNVzVhVkFvU1lvQjhnNE9fUWROaWs5SUdaS08tTE94SVpvOGdBS0dFR1E?oc=5,"Sun, 16 Aug 2026 01:30:00 GMT"
2026-08-16,google,치료,"BTS 뷔, 청력 이상 호소...""오른쪽 30%밖에 안 들려 병원 치료""","BTS 뷔, 청력 이상 호소...""오른쪽 30%밖에 안 들려 병원 치료"" YTN",https://news.google.com/rss/articles/CBMiXkFVX3lxTE5hdkVTSkRnZTBkWXpTWmVxTHdYamppNjZaSUg2anhMRmc4b0JPNFM3dDh1SnJ0U1hFVTdlNi1KZ2N3bDZrNEkxVFluZkp6TnFjd3plaDBxVTZCS1JWM1E?oc=5,"Wed, 12 Aug 2026 18:24:00 GMT"
2026-08-16,google,병원,"[단독] 복지부, ‘환자 반복 사망’ 반구대병원 운영법인 특별감사","[단독] 복지부, ‘환자 반복 사망’ 반구대병원 운영법인 특별감사 한겨레",https://news.google.com/rss/articles/CBMickFVX3lxTE5JUHcyZnpfdFp3Q0NYMjVrUWJZdGFBRWpzREF6TEFnQkNxYmoxTFB2YzVzSmFvWWJkVUlxbThMa1dhVEswMlVkU3A0SWVIMUl5VmRYTGtCOTJjZ2MzZzdHa09IV3UzT1dubkZ4UUJWYXZUUQ?oc=5,"Sun, 16 Aug 2026 01:24:00 GMT"
2026-08-16,google,병원,[단독]요양병원 “우리도 추나·첩약 건보 적용” 요구… 500개 한방병원 긴장,[단독]요양병원 “우리도 추나·첩약 건보 적용” 요구… 500개 한방병원 긴장 v.daum.net,https://news.google.com/rss/articles/CBMiT0FVX3lxTE9KZHJQalBsRTZUbHNRbFhxMWZ0eEdDR2ZJU3l2VC0zQXFWM3F6QVJabWNkSXNiYk4zZFpDOEhjQVhaYTNuYXdyUHZBc2x5YVk?oc=5,"Sat, 15 Aug 2026 06:53:37 GMT"
2026-08-16,google,병원,"대전 故 하늘양 유족, 장례 지원한 건양대병원에 기부","대전 故 하늘양 유족, 장례 지원한 건양대병원에 기부 조선일보",https://news.google.com/rss/articles/CBMijwFBVV95cUxNN295cDJBb3JDRVZBZFJQSVBlaGV0MDVzNWNpQ05pUkE4TDlVSmFUQ3phU19ucGhMYUQ4VFlBUWV4VDcwUGZJZkJHMmpqZ254Z1BkYmRrX3R6aHY4ZHFaSEp0a2FtQ2RiTjRqLWtvU0ZlVWQ5SHNYbEJWRS1ZLXJpa2VmNExIZThiNFo5aHRVNA?oc=5,"Fri, 14 Aug 2026 07:37:00 GMT"
2026-08-16,google,병원,"故 김하늘 양 유족, 장례식 무상지원 건양대병원에 기부금","故 김하늘 양 유족, 장례식 무상지원 건양대병원에 기부금 v.daum.net",https://news.google.com/rss/articles/CBMiT0FVX3lxTE1tT0VTSEh6TWJCOGNZWTVFOFhHUFU4NUdXRHJkSjg2TTJVY043ZmxuTnl5a0E3cnZVRGRiSVJEQy1sQ3p0TVhPNllyLS1KTVk?oc=5,"Fri, 14 Aug 2026 08:21:00 GMT"
2026-08-16,google,병원,"故 김하늘 양 유족, 건양대병원에 기부금 300만 원 전달","故 김하늘 양 유족, 건양대병원에 기부금 300만 원 전달 대전일보",https://news.google.com/rss/articles/CBMib0FVX3lxTE85Y3l5Umhfek82WUxlUzNFMlZkWDZXRENFaE1QNEVUbVlOV2VLeTRQVmxPSGlVQWo1UVVCbE1QeDl3WWR6NjVudUV1VGRWTnJvSm45bldiUG94Z2YtVDRmZ2FKQ0tVVFlmaXZUZ0tEb9IBc0FVX3lxTE04RGxGaGkxYUJUbnZsT011TFFER1VEQ0VhWTJoMTBqdzViNlI2SkZnUHFac3RLZDhYQWVESHE5aXVwTl81bk1LTk5qb05GMUtVMTZvYkRyLVIyOXlRNmlRczFnanNjZF93MHI2VTY0bHlaa28?oc=5,"Fri, 14 Aug 2026 05:19:39 GMT"
2026-08-16,google,병원,전공의노조 새 위원장에 남기원 한림대 동탄성심병원 전공의,전공의노조 새 위원장에 남기원 한림대 동탄성심병원 전공의 연합뉴스,https://news.google.com/rss/articles/CBMiW0FVX3lxTE1sRk9MdTF1UVAya3dHTDhnSDNMZkxJZncwUUdaa3h2UVlLdHJUUXdaQjFueVpkTmx6djNYdWg3em1yRld0a09Wemx1SlI1eTZyQU9sSEJkTGM5Tk3SAWBBVV95cUxPdVdxQW90aHcwY3JmM3I1d1NjQU1wNjZOMnlPSFltUmNJbG5GM3FJeUJZQlY1UjFqOE10U1ZGVGlhRnJ5ZFM3ZlZzZHBURnEtU1hRUjZWYkFPX1FJUmJmN3I?oc=5,"Sat, 15 Aug 2026 03:32:17 GMT"
2026-08-16,google,병원,"""흩어진 항암제 급여 기준 찾아준다""…크립토랩, 병원 AI '클릭' 출시 - 머니투데이","""흩어진 항암제 급여 기준 찾아준다""…크립토랩, 병원 AI '클릭' 출시 - 머니투데이 머니투데이",https://news.google.com/rss/articles/CBMiakFVX3lxTFByUTIta1RKV1RSU2tfdnU4VzM5Q2wtdV8wYk5CQ0hGaUFhV29PSVA5Nk9fOG9NRVJKQzlQSVoyXzdfNUo5N2c3WUVQM29ybGstaW41bGtzU00tVEVvc1dJTl8wNHlycFd5RmfSAW9BVV95cUxPMVlfVHNWUlk3cU1oT2Q2eVJOQlVSS1owdThycmlCekUtdWhHUHJrZWt6WFZ5V2FGeFl3OGlISk5QYTd4ZUtMa3B1blRNTE96RExiODdrbDE4WXJpdEVMb3BHWkd2NU9rNGx3bEwwLXM?oc=5,"Sat, 15 Aug 2026 07:00:00 GMT"
2026-08-16,google,병원,공습으로 다쳐 병원서 치료받는 예멘 어린이,공습으로 다쳐 병원서 치료받는 예멘 어린이 뉴시스,https://news.google.com/rss/articles/CBMiYEFVX3lxTE1TS1VjUnpyQ3ZzMUZjX091dnZRdUh0bmFrY3V5ak8xN2ZiZEtwT1ZzT3dNNGVteGNTZ3NNUnlaNk9pN045OG5XVXJEY2c4WVpxVUVwN05NdVlneENCZVhmUQ?oc=5,"Sat, 15 Aug 2026 02:21:45 GMT"
2026-08-16,google,병원,"복지부, 요양병원 ‘간병인 직접고용’ 제도화 모색","복지부, 요양병원 ‘간병인 직접고용’ 제도화 모색 의학신문",https://news.google.com/rss/articles/CBMiakFVX3lxTFBCNzhvOFdzakxmc3AtTHVyWlU3VGZrZVgtNFU5dGxiU3JSYU01V0FHa1F6dFFjbkFkWHQtWFBYMU5Bbm9FQ1R1b0tlNS1lNW01TDdxZTRkQUJWb1RYa3l1SmN4Y1NzR2ZCNHc?oc=5,"Fri, 14 Aug 2026 03:25:26 GMT"
2026-08-16,google,병원,"아주대병원, 급성기 뇌졸중 평가 1등급…종합점수 100점","아주대병원, 급성기 뇌졸중 평가 1등급…종합점수 100점 전자신문",https://news.google.com/rss/articles/CBMiTkFVX3lxTE5GMjZzcXJyTVowVHZUY2dycVNaMC15QXlTc1lxWmVqSlkyeGxtRlpMcEdwcDg4NE1lTXJsVDVNNkxrYnh4U3c3WjBNTUJYUQ?oc=5,"Sat, 15 Aug 2026 12:20:20 GMT"
2026-08-16,google,병원,"프랑스, ‘조력 존엄사법’ 합헌 결정…“의료진·병원 ‘거부권’ 인정해야”","프랑스, ‘조력 존엄사법’ 합헌 결정…“의료진·병원 ‘거부권’ 인정해야” 동아일보",https://news.google.com/rss/articles/CBMic0FVX3lxTE1iSzZub3NlTWwzMjFYZkZvYzhnR1VvZDdVOE5RcHA0Rk12UUkxTVRqQTNNbVliX0l4R3lLdlBGU1FQVlA2RWJXUkpyOEJtYnpwMmVLNFYwa0oxaklXc2xlTlVqRzdfYnNRcUdtUEZLNmw1WkXSAWZBVV95cUxPOXltS3VXR01zRmwzWnlma0hndDd1blJRSmJhNHpRTHR4NXE1TjdiOVVxVElWX1U1MWlXR2Z6MFdNU1FEN3ZDTFNwSmFyT0l4NmllMHF0Q3ZEeGtHRVZhc0ZfZnhzUlE?oc=5,"Fri, 14 Aug 2026 17:30:00 GMT"
2026-08-16,google,병원,[신간] 플랫폼 병원,[신간] 플랫폼 병원 MEDI:GATE NEWS,https://news.google.com/rss/articles/CBMiV0FVX3lxTE84Y0Q3Ykp5XzI5OFRyMms2LXBuMDBYcVRpS05HN3VmLXZOQTlNVlpPX0tRVnBIQkhCMjJ3cGZuem51bEQ4bkhLcmk1VUpvQlZFeWRCMExrNA?oc=5,"Sat, 15 Aug 2026 17:41:00 GMT"
2026-08-16,google,병원,"강동경희대학교한방병원, 개원 20주년 기념 학술 심포지엄 개최","강동경희대학교한방병원, 개원 20주년 기념 학술 심포지엄 개최 데일리메디팜",https://news.google.com/rss/articles/CBMibkFVX3lxTE52LXRvaTJLLXNncllieG9vMC16cjdLRVBiLVRPN2dkQ0xxakNuYThhMW01MHhfamcyYjB5THhVVUVOSmRKWHl2NVNtLWlodThOY1R0RURFVnNyM3B6NnpDdUpDMjN2LXZYM1JGdGx3?oc=5,"Sun, 16 Aug 2026 00:43:25 GMT"
2026-08-16,google,병원,"밀양시-‘미르아이병원’, 공공산후조리원 운영 계약","밀양시-‘미르아이병원’, 공공산후조리원 운영 계약 KBS 뉴스",https://news.google.com/rss/articles/CBMiZkFVX3lxTE8zTDBoM3dNMjJSWGxWQ1JtYjhoV0g4cHk5VjQ1QTBJVlZVcnRVMWo1TGlEekNnb09wNnliSDdjajJuV0FMZ3BLeGpqaEdSb2pTeUl4aUhKbzVUTGpTQ0FtTU94dGF6dw?oc=5,"Sat, 15 Aug 2026 12:38:00 GMT"
2026-08-16,google,병원,"병원협회 , 건강한 근무환경 조성 위한 조직문화 개선·인사노무 컨설팅 협력","병원협회 , 건강한 근무환경 조성 위한 조직문화 개선·인사노무 컨설팅 협력 한국의약통신",https://news.google.com/rss/articles/CBMia0FVX3lxTE0tNklXMnJDYlJRQzFCTnIweXVYdzl5M0hvaEV3TWtCUXpIVk54dGFZckkwS1laZkMzV3Z4YTdvYUFwbkFpZzRoX3lNd0w5ZDBlamZRRXE0M1NNdk1RZ0l3dkZ3dTJMWGxDYjNN?oc=5,"Sat, 15 Aug 2026 23:02:48 GMT"
2026-08-16,google,병원,불법 사무장병원·면대약국 환수액 9% 그쳐,불법 사무장병원·면대약국 환수액 9% 그쳐 치과신문,https://news.google.com/rss/articles/CBMiZEFVX3lxTE9QV1Y1dFIzWTUzYmtwbnRfd3doQjRXY2hiOGRvZFhYYndLMHhqdmFlaFd4SEFQWGVQRzl4SHNtdDNiN21pVF8zM2U1a2xpQjN1dFZycUhobS1lMC1jN2I0YzBBekQ?oc=5,"Sun, 16 Aug 2026 01:45:50 GMT"
2026-08-16,google,병원,"[단독]요양병원 ""우리도 추나·첩약 건보 적용"" 요구… 500개 한방병원 긴장","[단독]요양병원 ""우리도 추나·첩약 건보 적용"" 요구… 500개 한방병원 긴장 조선일보",https://news.google.com/rss/articles/CBMijwFBVV95cUxQWGY1SWdybFVJSTh0UC1PLUlRRXJOMU9QWFFLVFNiRTNGSlp2c0lTRzJ4MlZqRTJxYXFKZjkwMXpUTnVaSWU5b2dtLXRPdElJX0FFT2k4anNFZGd2cWx0MWNBVEhRVnJPb3FGa1Z6V2VnUWhRRUJmQlVlSGtiLVI4Q2R3TEJOSXBMTlNBbV8xYw?oc=5,"Sat, 15 Aug 2026 06:53:28 GMT"
2026-08-16,google,병원,병원 가기 힘든 농촌 어르신 곁으로…문경 왕진버스 달린다,병원 가기 힘든 농촌 어르신 곁으로…문경 왕진버스 달린다 kyongbuk.co.kr,https://news.google.com/rss/articles/CBMib0FVX3lxTE0yOVpwUloxZHVMNlZRYy1ac2xXZmVxTkdiSEJmMVhpNWc2RDROZm84UDR1c2pobWE5VW1qR1VEaUZrLVdzZmotbGx2a2JzcVFJalNjZFpyeWtGU0FsWGswR1VTbXVwcjN2eFpIMVVYbw?oc=5,"Sat, 15 Aug 2026 12:48:32 GMT"
2026-08-16,google,병원,[대구보훈병원] AI 스마트병원 도약 실증사업 설명회 개최,[대구보훈병원] AI 스마트병원 도약 실증사업 설명회 개최 병원신문,https://news.google.com/rss/articles/CBMiakFVX3lxTE9mMHItcFp3al9GenJra2xFMFlZZ3lYbHR3V3ZDY1BRWU0zMWxiY2w2bTFYRFhUa2VqVV81Z3AxeTdXMzVyZXAxLUtYazRncmxySnpRcl9zSGFLbFpJblBGa0h0ME95TWhMaGc?oc=5,"Sat, 15 Aug 2026 06:12:06 GMT"
2026-08-16,google,백신,AI가 환자 암 분석해 백신 설계…‘개인맞춤형 암백신’ 어디까지 왔나 [노화설계],AI가 환자 암 분석해 백신 설계…‘개인맞춤형 암백신’ 어디까지 왔나 [노화설계] 동아일보,https://news.google.com/rss/articles/CBMib0FVX3lxTE1aR3J6YmFHU2hsRklqV0YySjN3LWlJcW9ydFdPajEyeDhWQTRsN1Z1aVRzS1dvc3BmM1dHRi1DZzZiZWtZMVhyV2tyZklQRzduazF2bVFmbmlPSFEwTXhUcHcxZWMwTVlSQ2lwSGlvY9IBZkFVX3lxTE51eXdpdEw3bkFUblljbzM5U2lkczdocDVYbWJpUTJYblFGekpPMDk2czA3dW1uUGJZNE5XZVdqV3ZnUm91UHZBekRVakc0ekZLb3NPOUFiNktrX0hTT0liN0JEWDh5QQ?oc=5,"Fri, 14 Aug 2026 07:00:00 GMT"
2026-08-16,google,백신,"한국화이자제약, RSV 백신 ‘아브리스보’ 국내 허가 - 조선비즈","한국화이자제약, RSV 백신 ‘아브리스보’ 국내 허가 - 조선비즈 Chosunbiz",https://news.google.com/rss/articles/CBMihwFBVV95cUxQblNuRkpuOC1aY1ZIQ2MyVDM1MllveHhvbGtseUEzY19FTkJXLUdWSzRyLUdSZzVMZjBCeGFIbGdXcUU2Zl9TeHVVU21aZjlrMl9LQVBBOEVUZXlpdjNWR3lXVGIwam5FOW91bnNpanNva2dmbUdLYk5hb3VOcFdVOGZ0M1o3Qm_SAZsBQVVfeXFMTndoSlJhX0t2RmZfN0NEcGlhVnlfamN3U3doQjFGTEF4YVp4N295YmpoTTdULVhDNmFJYjJENnAxcUNNY0lFNnFkZldSaWJ3RzhqVG0tSzhlcHBpS1RITjlLczVUNlo0VUloQkduWXBYMGdiQ3hXeEhJako5UW1ZczJXREp4alVIUlNabm51b25zTHo4M0d5TDB5OEU?oc=5,"Fri, 14 Aug 2026 06:07:00 GMT"
2026-08-16,google,백신,"트럼프, '어린이 백신' 줄이자 美 의료계 반발…""소아 예방접종 중요""","트럼프, '어린이 백신' 줄이자 美 의료계 반발…""소아 예방접종 중요"" 뉴스1",https://news.google.com/rss/articles/CBMiXEFVX3lxTFBuUl8tYTd1QWJ6dER4YUc5cGdSSWJ3NFpXTnV3WnphbmxXVDZYUHZfejh5UG5UYlVtSE9wSlFoWW5nZ1RTSE9BUkFNdlZfazhsMFJtMl9OSFFyREtQ0gFiQVVfeXFMT2VEWEpGUElJSDRvV0wzdTFoWkNXaFRBa3hzeTUyUEpTcHRtTEN6MFlkVFQ2c1I3WV9wQ3pYWENNUnJ0ZmZZeXQ5RTJUQkNWTzVSemxNeGFYUEZ4Y1lEMk9CUWc?oc=5,"Fri, 14 Aug 2026 05:05:05 GMT"
2026-08-16,google,백신,mRNA 수명 3배 늘려 백신 성능 높인다,mRNA 수명 3배 늘려 백신 성능 높인다 dongascience.com,https://news.google.com/rss/articles/CBMiVEFVX3lxTE5GZ1c0c1VDcmt3TGhYeHpmdXVkODh1cW9rZGNWRld5SnJpT1BJbU1IWEl5aUpqeXNGVWdXOGtvRDBDUWM5aEp2X1JhVkNwbjBJV2ZDcQ?oc=5,"Thu, 13 Aug 2026 15:00:00 GMT"
2026-08-16,google,백신,"GC녹십자, 코로나19 mRNA 백신 임상 2상 추진…2028년 허가 목표","GC녹십자, 코로나19 mRNA 백신 임상 2상 추진…2028년 허가 목표 뉴스핌",https://news.google.com/rss/articles/CBMiXEFVX3lxTE4tSjFld285dUxCZFBIY3Jpb3E3eVM2TUIwelZ6MzJUc242S0VlNFJsWUQ3Z3NYalB4QVY3WHJLTnIyanlXX2x6QkVVMjlReURtendTRUJUZ2E3ckhO?oc=5,"Thu, 13 Aug 2026 06:32:00 GMT"
2026-08-16,google,백신,"인하대학교 손세진 교수팀, ‘in situ 암 백신’ 병용전략 분석…차세대 면역항암 치료 가능성 제시","인하대학교 손세진 교수팀, ‘in situ 암 백신’ 병용전략 분석…차세대 면역항암 치료 가능성 제시 한국강사신문",https://news.google.com/rss/articles/CBMicEFVX3lxTE1ZM2podmdXdU5qMlFNN0xSVDhIVzI5amYwa0xMTUpFTzhOUjItNEVJbURXRjE2eGZXRkxEX0o5VGRMTEtlbE5ILWJpQnQtSmwxaGZYRGVhZVFwOGVlSTl3d3VzT3NkVFN5Vm16NjdGMlU?oc=5,"Sat, 15 Aug 2026 08:39:00 GMT"
2026-08-16,google,백신,"챗GPT로 반려견 암 치료법 만든 호주 사업가, ‘맞춤형 mRNA’ 스타트업 창립","챗GPT로 반려견 암 치료법 만든 호주 사업가, ‘맞춤형 mRNA’ 스타트업 창립 aitimes.com",https://news.google.com/rss/articles/CBMiakFVX3lxTE5sRjJ0eTFEQ1lCTldWdzRySE5hbWZURDRyRUpPUG1CcmY1OXM1SVhaRFdnMFNMTERrbUh0UW1hV2R3OEo1VU9zQ3BGclR0Ym5Jd0hEMEF0ODJzV0xfcHFIQjFaNzR0YVZWWEE?oc=5,"Thu, 13 Aug 2026 09:31:50 GMT"
2026-08-16,google,백신,"[미국바이오] 오루카 테라퓨틱스(ORKA): 'SoC의 한계를 넘어서다-VAX-31, 폐렴구균 백신 시장의 판도를 바꿀 임계점(OPUS-1)'","[미국바이오] 오루카 테라퓨틱스(ORKA): 'SoC의 한계를 넘어서다-VAX-31, 폐렴구균 백신 시장의 판도를 바꿀 임계점(OPUS-1)' 네이버 프리미엄콘텐츠",https://news.google.com/rss/articles/CBMigAFBVV95cUxNQ0lFd2ZONEtNaVFTX2FEM0tvYkF1QlBmMUpFRmo4cFRnMnhkTlBMelhKNVAwdHQ4VWt3bFB1RktHdlVONXliM2U0dVNCN0lqdmlQTll4aExvVHdyemJhOHlpQnVHZEZKSmg1LXNoSk5WaUxOTkdSZFJac0prbl9TQg?oc=5,"Fri, 14 Aug 2026 22:00:00 GMT"
2026-08-16,google,백신,화이자 '아브리스보' 국내 허가…RSV 예방시장 격돌 예고,화이자 '아브리스보' 국내 허가…RSV 예방시장 격돌 예고 데일리팜,https://news.google.com/rss/articles/CBMiUEFVX3lxTFBpUGZKcU15bTI3UHVUVjY5OTg3eXVmNmNQbHhWbTR3VEQycGdRcXhuTVdxMVA4bTNqMEtvU05FZ2pFZEhQTWQxUFl3MlpNLWJX?oc=5,"Fri, 14 Aug 2026 09:20:08 GMT"
2026-08-16,google,백신,"백신 넘어 항체로…SK바이오, RSV 예방항체 글로벌 임상 시동 - 조선비즈","백신 넘어 항체로…SK바이오, RSV 예방항체 글로벌 임상 시동 - 조선비즈 Chosunbiz",https://news.google.com/rss/articles/CBMihwFBVV95cUxQcEhnVEQ4V0t1UHFxNEN1cEx0V0kwcTUxQjhfRVBJbVVIdU1NT1RSWjBMY01OREpVWERPcHNibHBLdTFHMGVrZ3N6dWo0Z3U1cnJJRlhuZlJieURkQzZpRTQxbVJGZFZtXzlfZW4taGktek4yZHJHWnFtTE5tY29DdXF0N0o3XzTSAZsBQVVfeXFMTnZaQkF6WXVDRDlrZ1h5M29CX2owazRlUjlucW04TkVyYllLd3ZIeWY0RVZ0Q3pDYmpMUUlSTFFkakNKbGV5ZmNhX0phRTQ5ZlRiUjBOeDVyQlV2VWEyejlhcDV6QVBPdkt0YnByLWVxY2J4Y1NrV3dWbWhOTHRrcWNiLUpMeUUwSElzWDJKUTREUndsMGpCckhYcm8?oc=5,"Fri, 14 Aug 2026 05:58:00 GMT"
2026-08-16,google,백신,"고대의대, 백신 개발 전주기 역량 강화","고대의대, 백신 개발 전주기 역량 강화 의학신문",https://news.google.com/rss/articles/CBMiakFVX3lxTE1kNDhoWHEwS0JKcHlDbERHNjZldHlwLV9GMUdSckNhWUlpb2M3NFdqTjRKTjhPVS12SW8wZnU2NTN3R0xkLWNiOHVQd3BxQVRBWHppV2ZKekUwcWpnYzF3cU1fY21HVkhMQUE?oc=5,"Thu, 13 Aug 2026 03:00:00 GMT"
2026-08-16,google,백신,"트럼프, 美아동백신 11개 질병으로 축소…의료계, 감염확산 우려","트럼프, 美아동백신 11개 질병으로 축소…의료계, 감염확산 우려 연합뉴스",https://news.google.com/rss/articles/CBMiW0FVX3lxTE5kQWxQQVNvQkxjalBEa0pzbW5tT1FNX3kxMVozQUtWMGZXZ3RSWGNFZ04wZ2doQ1NyTkpBOEluTkZUODB2MFBCMW5qYldWc19sM1lSNjNnbjRfQUHSAWBBVV95cUxQMkR3clFLVDBNS3RSQ1pMR1l2dFpkS245S3Z6XzNaMm4ybkVOZ2cxdkNwTVRIMkl2SGxUem5Bem5FdWY2X2VNVTdrSWw0c2psNFYwZzVxZ3JJOFhNT3FMY2Q?oc=5,"Mon, 10 Aug 2026 21:57:16 GMT"
2026-08-16,google,백신,AI가 환자 암 분석해 백신 설계…'개인맞춤형 암백신' 어디까지 왔나 [노화설계],AI가 환자 암 분석해 백신 설계…'개인맞춤형 암백신' 어디까지 왔나 [노화설계] 네이트,https://news.google.com/rss/articles/CBMiU0FVX3lxTFBFZGRJaEFaVmJJVmN4dUhnWHNxV3JYVENqNGM0clZickpROTk0VVN1YktKc25LckZqclNJSEw0WHFybzdyRVA1S1g5dTZfckNod1dR?oc=5,"Sun, 16 Aug 2026 01:01:00 GMT"
2026-08-16,google,백신,"화이자 RSV 백신 '아브리스보' 허가…""생애 전반 예방 환경 구축""","화이자 RSV 백신 '아브리스보' 허가…""생애 전반 예방 환경 구축"" docdocdoc.co.kr",https://news.google.com/rss/articles/CBMib0FVX3lxTE40UG05RDBMRFlMbDFkam5HWlFOV0prMlRaVnpfLXdMekF0c3FBZzVwT081YUlXVlk0QXdiVjdMX1YtY0NJUWE3VFhyTERCRW5CX25wbm5yYzljWTAyNUF1N2xvN0t3aEtWRkhad2oxNNIBc0FVX3lxTE1KdG53ZUtOVnZPNXhoem1naklRd2lrcW1tOEJUdWZSMGJsNjdRX2dBSUI4RDFydF9EN1FXczRSM2NpXzRMcEhGczJocFRha1l0ZERnLVV5aWd6MWZtejJzT1daUWdzSGtVdENqV3Z1a29iWms?oc=5,"Fri, 14 Aug 2026 09:56:35 GMT"
2026-08-16,google,백신,"아이진, '코로나19 mRNA 백신' 1상 IND 승인","아이진, '코로나19 mRNA 백신' 1상 IND 승인 바이오스펙테이터",https://news.google.com/rss/articles/CBMiV0FVX3lxTE41LWtyOUlqYW9VV3dlR05yVDFXcFl6WHJGMXFuZ2czdS1JSjR6cE5oQWNYWFEyY0pzTm5FUHJBRXQ5bGZVeEREYm5LRjluRTN0amZLVG41aw?oc=5,"Thu, 13 Aug 2026 05:35:00 GMT"
2026-08-16,google,백신,"""진짜 자폐증 생기나요?"" 불안한 부모들…공중보건 뒤흔드는 '백신 음모론' [스프]","""진짜 자폐증 생기나요?"" 불안한 부모들…공중보건 뒤흔드는 '백신 음모론' [스프] v.daum.net",https://news.google.com/rss/articles/CBMiRkFVX3lxTE12SWhhbWRBdklOSmd6b3V3NkU2QmxoZVA5Q0tnRXByV2k2UzhpWU9wekFuRXc2cnBZTUF5SDJueFl5SHlKNEE?oc=5,"Sat, 15 Aug 2026 00:03:00 GMT"
2026-08-16,google,백신,"""K-백신 세계로"" GC녹십자·유바이오로직스 백신 역량 앞세워 글로벌 기술이전 추진","""K-백신 세계로"" GC녹십자·유바이오로직스 백신 역량 앞세워 글로벌 기술이전 추진 약업닷컴",https://news.google.com/rss/articles/CBMiZkFVX3lxTE52N3Q1YndZRFFkVkc3c1NKNi0xWEVaSEljV1dhZHRERnBYVVBvYXZJdlhjZmhBLVdXOU9DMGZFbjl5RkJlNVJNS2swaTNZcV92cmoxNnlSV2V2U2gtQmxqYlhidFo1QQ?oc=5,"Fri, 14 Aug 2026 06:07:00 GMT"
2026-08-16,google,백신,한국화이자 RSV 백신 국내 허가… 임신부 접종으로 영아 보호,한국화이자 RSV 백신 국내 허가… 임신부 접종으로 영아 보호 헬스조선,https://news.google.com/rss/articles/CBMif0FVX3lxTE0wSVI4alA1eTJUYnlrbW1sWFdhWHVfNDA0d1IycTI4bTI5NzltYU5HRXNmLVdUeUo5OURYcWI4ZVl6b2FUbWNyN2prUkp5V2JZdnpjUXNkNHVIQVo3QWhxa1QxMmhQNWwwbWt1T29ocktuaVcwVmllTVdpSDQ2YzQ?oc=5,"Fri, 14 Aug 2026 08:45:00 GMT"
2026-08-16,google,백신,"휴온스그룹, 2Q 수익성 회복…백신·에스테틱·톡신 성장","휴온스그룹, 2Q 수익성 회복…백신·에스테틱·톡신 성장 한스경제",https://news.google.com/rss/articles/CBMia0FVX3lxTE5iN25NczEwOUNzblJILUpwU3NsNERQRzZyNkhGdzhNbV9xWVBWU1pyN2Y0WFVrMGNLTW9IZVAxMkJwYXA1OXN4SUk2WTE2Y25PNTNfd2djaHBXcXBCY1gxNkhxanBqd1pGcDRN?oc=5,"Sat, 15 Aug 2026 21:00:00 GMT"
2026-08-16,google,암,"한국 남성 암 1위, 전립선암…‘이것’ 많이 먹는다면 더 주의 [노화설계]","한국 남성 암 1위, 전립선암…‘이것’ 많이 먹는다면 더 주의 [노화설계] 동아일보",https://news.google.com/rss/articles/CBMib0FVX3lxTE11WEFjaXlpM0tGSDlhUHJBOHJkUFRDbVBqRm5DVzZSa2ZXXzVYQk91RVN2bC16aUQyNGFCYk5qSUNIR21DSEdZNDUzSEVEcEVLbi1GVFV5Z2poNVNBdFF0aEg2ZlQxV2hGSFdZOGs2Y9IBZkFVX3lxTFBBcml1OFFUcWJUdmJpSzQxSGZ4VnN3XzJXNkxqNERtWUIxUFNUSFhCSUhxcjdXeGYwRW14enpiQzgyeHJROGo4ZDczdlNxVFhCck1mNjRqZzhibWU0NWtTWllWQzhWUQ?oc=5,"Thu, 13 Aug 2026 05:17:00 GMT"
2026-08-16,google,암,"중앙대병원, 연대 최영득 교수 영입…전립선암 대가","중앙대병원, 연대 최영득 교수 영입…전립선암 대가 데일리메디",https://news.google.com/rss/articles/CBMiaEFVX3lxTE5TSDFCOXNlOEF2M0J1Vnp3U2E1N0hHLUlFNjVBR0U1YU9pV2sxbnhtUzQ2ZHFaMEw3MGM2bmhXQzduZlE1SlJPN01iNVg0eFNYN0VqTHZMYXNHOFJOcThvY3pXeUZmRUc1?oc=5,"Thu, 13 Aug 2026 03:02:00 GMT"
2026-08-16,google,암,“전립선암 유발한다”… 남자들 피해야 할 ‘최악의 식품’,“전립선암 유발한다”… 남자들 피해야 할 ‘최악의 식품’ 헬스조선,https://news.google.com/rss/articles/CBMif0FVX3lxTE5EbHRFOExHYnNKWFp1aXV0TTNJX0pPbndvaDA4dGFUTXk1YTVibUdJMkJWa0ktYVgtRHN0SzZUU250SFNPTHljdVRmMDE2TUN2eVhBZ05kSE11UTdwWnJHZmFFcjFVdU5fN2Y1MnhoMWtHMFpPRzRKeHY2aURfZ3c?oc=5,"Thu, 13 Aug 2026 16:00:00 GMT"
2026-08-16,google,암,"유상무, 대장암 3기 투병 회상 “살 확률 50%…걸을 수 있다는 게 행복”","유상무, 대장암 3기 투병 회상 “살 확률 50%…걸을 수 있다는 게 행복” 헤럴드경제 “장내 세균까지 바뀐다” 대장암 위험 높이는 습관 3가지 헬스조선 유상무, 대장암 투병 당시 회상 ""살 확률 50%… 다시 걸을 수 있어 행복"" 한국일보",https://news.google.com/rss/articles/CBMiVkFVX3lxTE1YNDdNS0JUc3FlTUlWNVQ5V1ktYkZFMXVOMm1WZzVCZFd5MjlwX2UyRGV3WmVwMWtGRlFGNXpBZk9EZTQ3eFhkcEhVWElaaUxJU2hFX1Zn?oc=5,"Fri, 14 Aug 2026 08:48:15 GMT"
2026-08-16,google,암,"""채령 오열 이유 있었나"" 이채연 자매 母, 암 투병 고백에 응원 봇물","""채령 오열 이유 있었나"" 이채연 자매 母, 암 투병 고백에 응원 봇물 네이트",https://news.google.com/rss/articles/CBMiU0FVX3lxTE8zYTYyTy1IUGdsc3RTLXpzbnI2ZlZYX2Y3bUg0blpNaEt6VkN0bWhsaE5SZUNaTmpUOUNmb3UxeWNxcDJGUWExX29NcXNtYUkxemVv?oc=5,"Sun, 16 Aug 2026 00:59:00 GMT"
2026-08-16,google,암,"손발톱에 생긴 검은 줄, 암일까…AI가 95% 정확도로 가려낸다[헬시타임]","손발톱에 생긴 검은 줄, 암일까…AI가 95% 정확도로 가려낸다[헬시타임] 서울경제",https://news.google.com/rss/articles/CBMiUkFVX3lxTE9KelVZV3dQdE5DVzdmRzBLa0txX2ZQWkFSZlBTRDZWenVzTlUtZWhwUGQ1OXh5bFFlTXB4VGpwMnl2cWdtZjhaR0UtcDJWS3ZOUnc?oc=5,"Fri, 14 Aug 2026 23:30:00 GMT"
2026-08-16,google,암,당뇨병이 있으면 암 발생 위험이 높아진다!?,당뇨병이 있으면 암 발생 위험이 높아진다!? 채널A,https://news.google.com/rss/articles/CBMiX0FVX3lxTE0xVmxIbjU2RFRWLUR6a3ljOUVGaS1rRWpmUUJ2TEhocG5Zd1gxWDVVOTVPbU5YU2o3RTBWbkhaTWN6QXJydDktWlJpVHBxekdwWXhjbEFKQzlkaUtDd0Rr?oc=5,"Sat, 15 Aug 2026 13:17:00 GMT"
2026-08-16,google,암,"박주호·안나 부부, 암투병 이겨내고 넷째 임신 …“다시 시작합니다”","박주호·안나 부부, 암투병 이겨내고 넷째 임신 …“다시 시작합니다” 중앙일보 박주호·안나 부부, 암투병 이기고 넷째 임신했다 ""다시 시작"" 뉴시스 암투병 이겨내고…박주호 아내 안나 넷째 임신 v.daum.net",https://news.google.com/rss/articles/CBMiVkFVX3lxTE5aZUwyN21zazAtM1RRNlhmWTJJRGJBZXJRRVFBblNUU1FZcER4MW5ZVW5GeHl2YjEtMjhlWXptUzMtaHJod2R1R0dTMVQzUzhyTGlzTHhB?oc=5,"Thu, 13 Aug 2026 13:19:34 GMT"
2026-08-16,google,암,"“암 검진, 연말까지 미루지 마세요”…과천시, 조기검진·금연 집중 홍보","“암 검진, 연말까지 미루지 마세요”…과천시, 조기검진·금연 집중 홍보 kyeonggi.com",https://news.google.com/rss/articles/CBMiW0FVX3lxTFBTSUNzZHZMUkxZc2pyOXZVdHRJMWdONG9EQ2t1akQwcnYtb3o5ZjhwLUhXMGtYWXZua0lwaE41MFdVVFVfUkx1QkMxZ2FFLTlBR2tobGpqZGVJaXc?oc=5,"Fri, 14 Aug 2026 07:56:15 GMT"
2026-08-16,google,암,“몸에 좋은 줄은 알았는데” 무서운 ‘암’에 뛰어난 효과…놀라운 ‘이 꽃’ 뭐길래,“몸에 좋은 줄은 알았는데” 무서운 ‘암’에 뛰어난 효과…놀라운 ‘이 꽃’ 뭐길래 헤럴드경제,https://news.google.com/rss/articles/CBMiVkFVX3lxTE5HVDNsWGtvcWlmb1E2bV94cVV1U1VUcXVNYlRxYWJBNGQySUxXV2FfdmpmUlIzWEszQTk3VnktcDNVc05fM3RwNWYtRC1aMlhTcTZSSWhn?oc=5,"Sat, 15 Aug 2026 23:40:00 GMT"
2026-08-16,google,암,"[건강프라임_칼럼] 여성암 수술·항암 이후, 회복기에는 ‘잘 먹는 것’도 중요","[건강프라임_칼럼] 여성암 수술·항암 이후, 회복기에는 ‘잘 먹는 것’도 중요 시선뉴스",https://news.google.com/rss/articles/CBMibkFVX3lxTE05ZjFqdVFZSlhvUnZrRENpV2JleEJvbTd2bVZyb2tSM0RYWm1CeVVJWjRvQi1PQTRsU3phZjhyNXJIVVZURUdyVnZHUnhWVS0wTkVieWhrWWx5NWlQYlNVZDA4d010ZG03VUJGenRn0gFyQVVfeXFMTU5FVjJWWU5Zbk5UTjJiWEJyd0kzdDVTeHVNTUtGT0VWdmEtNC00MEQ0WWdIc2tXUFRZUE9qdDRDVlBwNTRhVC1pMWpucUZQRzE5bFg1SlA3bEcyemxCdnl5TmxSOU4zLUVZeF9SQmtaMG1B?oc=5,"Fri, 14 Aug 2026 07:15:10 GMT"
2026-08-16,google,암,"“채령 오열 이유 있었나” 이채연 자매 母, 암 투병 고백에 응원 봇물","“채령 오열 이유 있었나” 이채연 자매 母, 암 투병 고백에 응원 봇물 스포츠경향",https://news.google.com/rss/articles/CBMiXkFVX3lxTFBWVy1LbzduNC11dGhQSjYwT3BCdTY3SUlhbDVqLTM3S2RHdWFZWlItSmwxMktUclN2YmpWTVpscEtTbHdGVHBMZUM5YWYtRU5salJtTk1TMEZVSXpoSlHSAWNBVV95cUxNUFFvak9ncDNBYkdfemlpSGV6d0h3QzFFLUltSnBkZWRhVFRod0VyaEU5bWU1NFFJMWFhRG9NRlJwUFhlTFd6SmVvQkhnWjRheUlHVXVMNDRpdlVkWFUxUXUtekU?oc=5,"Sun, 16 Aug 2026 00:58:00 GMT"
2026-08-16,google,암,“암인 줄 모르고 케겔 운동”…대장암 한의사 후회한 ‘최악 음식’,“암인 줄 모르고 케겔 운동”…대장암 한의사 후회한 ‘최악 음식’ v.daum.net,https://news.google.com/rss/articles/CBMiT0FVX3lxTE43V1NQdTVSQWlnV3RTVXgyNEhuZ3ZPU1lzb0dHbVZKSlVYYi1NdlVCNE1rZkZZQmktMW5UTTViOHVMaXFaUGNFQXJIakR6dUU?oc=5,"Fri, 14 Aug 2026 21:02:36 GMT"
2026-08-16,google,암,암세포-면역세포 간 실시간 신호 분석 가능한 3D 인공 암 조직 칩 개발,암세포-면역세포 간 실시간 신호 분석 가능한 3D 인공 암 조직 칩 개발 BRIC,https://news.google.com/rss/articles/CBMi0gNBVV95cUxPU1ZGcEFHTUVWSjd3MTc4V1BxYkI2RE5feG40SUJmdDd1end2MGE3alNQSjNTb01UUU1Sd012bU5tYXl6OEtWSUtlemJCdEZWR1UxNDVVZk9TOTZVQ3ZYV1NzUlhfU3F4aDdLZTMwRkdtRThFUEtvM2t0WnB6eDAySTdiSk9JUXMxY2hRLXp1eWlhQkFSdUY2bEcwYWhqM2pyRDkwRndpcWxMbVNoVW0tSHV6bXplbWRrN2xZeXpUWk5GSXpNVVIwWXowakVHVFJSXzFRc2ZGWmk3YUxJQ0RzMVlMY01TVlNId01hU2tfU0hmR2NzMlEwdFFucHVMcXlURE53SXJMVEZHbWhEX0dLWUd0UmVzd2VuSTNWeWRlRkVSSWxqTnI4LWJlV0RwNjlZOGdBQU0xbk9DLXVMVFB0V05XeEpEaE1JTS1VeERGMXVjWVRuY1UyaUVHRzlvU1k0YjdGOXpXWWJhem1pMUlEYldhcFRLd2h5WjBpWVRPRGd5Z293Qk5hMFFCYVp0VUktOVB3OUpUaERBTG0wSWFZeUNZQks1ZHlvN0dnZjBrbzBVc0QteFlrMW1qUlhldkprd0FVTmNlOFZmNlVNeG52SE9B?oc=5,"Thu, 30 Jul 2026 07:00:00 GMT"
2026-08-16,google,암,'7년 만의 변화' 신장암 진료지침…'재발 방지'에 키트루다 권고,'7년 만의 변화' 신장암 진료지침…'재발 방지'에 키트루다 권고 약사공론,https://news.google.com/rss/articles/CBMibEFVX3lxTE5qeGlwWjBHVWxyU3FRY0J1MG5sN3YtbDlyXzNSNXlQdkdFeWpKMjZnT25PVnN4Tnh0RXdrRHZEX3p4bEx2VmZKd1B0eEMwNmlPengzY2RISm9lT2hZbi1xdG9BRzd4NllrTTZVYQ?oc=5,"Wed, 12 Aug 2026 20:51:00 GMT"
2026-08-16,google,암,정밀 의학을 암 환자들에게 더욱 가까이 가져다주는 획기적인 발전입니다.,정밀 의학을 암 환자들에게 더욱 가까이 가져다주는 획기적인 발전입니다. Vietnam.vn,https://news.google.com/rss/articles/CBMikAFBVV95cUxQWUNIX25jYUxZOWVoN1VsNEtTV001dmRCSWRLTEMtWGJzd2V3V0dOSkNGWmNkcTVHb0lJV3o5YVVPcHRybmg5RnYzRExtZVJwRUpjWXdUcms0WUswLWoxMFozd0lSYXM1eUxtcHhrcWJvTlA1WmoyamEtNXRISlFpb2ZQejhlVW5NQ21tODVBWXA?oc=5,"Sat, 15 Aug 2026 12:18:50 GMT"
2026-08-16,google,암,“전립선암 결국 뼈로 전이”…바이든 아들이 전한 위중한 상태,“전립선암 결국 뼈로 전이”…바이든 아들이 전한 위중한 상태 한겨레,https://news.google.com/rss/articles/CBMiggFBVV95cUxObUVXMm9Tempqc2xhdGxjQWFuMkgxcmFuZWFPR0gwVzJpZjBJandTNEoxMENYQ1UxQWo1b0xGdkVGeTFpT3RIX2twUE5FMGJFeDNIYUtZQmRDMW0xb05LWG5nSi1HYWdVT2pmVGVsUWhxWWhaMTR6dmdnQTNXeFQ4VWx3?oc=5,"Mon, 10 Aug 2026 08:42:00 GMT"
2026-08-16,google,암,[김길원의 헬스노트] 말기 암환자의 종착역은 왜 아직도 응급실일까,[김길원의 헬스노트] 말기 암환자의 종착역은 왜 아직도 응급실일까 연합뉴스,https://news.google.com/rss/articles/CBMiW0FVX3lxTFBmS2NSMjlHSHdTbWFSeXZYWHNYbWFYOF8tRzdOQWtOUHNYTzJTMUxVTktacllCQ0R0a2JFWlcxMkY5bHI3SzBFcmlVT0xhbVBOZkVRaFZJcFJNN0nSAWBBVV95cUxNaEt1RUJMc2VHaUV4VU5lV0N1UDRWSjJkMi1saUJiOTROc2NTZWotNkZpblZ2ck1MUVN1Ml9neWxhbl9IdlBVdzMxa0Y4RFpoeHBVejdUblBtZXZvY0REcGg?oc=5,"Wed, 12 Aug 2026 21:13:00 GMT"
2026-08-16,google,당뇨,"밀가루 VS 과일, 당뇨에 더 치명적인 음식은?","밀가루 VS 과일, 당뇨에 더 치명적인 음식은? 코메디닷컴",https://news.google.com/rss/articles/CBMiQkFVX3lxTFBfYV9DTHZwOENTYUpyUHN0a3BaeEFpeVl2OGxhakhscm1BR3NGWVJYbmpZdmZ4U3BBM0pZSGozRWtRUQ?oc=5,"Wed, 12 Aug 2026 22:06:00 GMT"
2026-08-16,google,당뇨,당뇨·지방간 환자라면 주목… ‘이 운동’ 꾸준히 했더니 혈당·간 수치 개선됐다?,당뇨·지방간 환자라면 주목… ‘이 운동’ 꾸준히 했더니 혈당·간 수치 개선됐다? 하이닥,https://news.google.com/rss/articles/CBMiakFVX3lxTFBSWjhRMThZMHBtY18wVDE2b0tMR1pSZ05UdGlGYndCcFBVcU1HQ0Eza0huYTlhdHBvU21MZndaR1hKTTBUaXFQNFJpSWxfbXJnNHg4bUJ3ZW1uMzBua0VMNUVVdU5LRmpyZ2c?oc=5,"Sat, 15 Aug 2026 09:00:00 GMT"
2026-08-16,google,당뇨,당뇨 숨겼다가 '보험사기'..재판부는 '기망'에 선 그었다 [거짓을 청구하다],당뇨 숨겼다가 '보험사기'..재판부는 '기망'에 선 그었다 [거짓을 청구하다] v.daum.net,https://news.google.com/rss/articles/CBMiT0FVX3lxTFBfZURPZ3hXUHpQeDNnd0ZIY0VWWFJSMk5jU0M2VlJwdGRLZ2JyQXlkZmI1RGRMVDB2YlZITndfd0w4c3BidmJTZi1UeFVOUUE?oc=5,"Fri, 14 Aug 2026 20:02:12 GMT"
2026-08-16,google,당뇨,"‘고양이 당뇨, 주사 대신 먹는 약으로’ 신약 센벨고 활용은 어떻게","‘고양이 당뇨, 주사 대신 먹는 약으로’ 신약 센벨고 활용은 어떻게 데일리벳",https://news.google.com/rss/articles/CBMicEFVX3lxTE44SGlWdDZvZGM3NFV5T1VGTzUyajV2UjZJUW1GaFpWdGpfODdwY0JSUkU4M3ZjUTRfbkR2M3lXWGY3Q2EtajNQbXZhSEE4a3JCT3gxTm5tQnZkTVVfMnpHUDFBZzVoVE1XVUt6WUxGX28?oc=5,"Sat, 15 Aug 2026 12:46:22 GMT"
2026-08-16,google,당뇨,"""당뇨 환자도 과일 먹어도 된다?""…'이 과일'만큼은 피하세요","""당뇨 환자도 과일 먹어도 된다?""…'이 과일'만큼은 피하세요 아이뉴스24",https://news.google.com/rss/articles/CBMiS0FVX3lxTE9Vb2Q1X1B4Zy04UmVyRnAxOGRlYlhDczR3QlVRTldPYkx0WDQ1TFpONEFkSFQxbjI4bU9oUlhQQ2lhTkdYSDhNNlEyYw?oc=5,"Thu, 13 Aug 2026 08:30:02 GMT"
2026-08-16,google,당뇨,혈당을 지켜라…당뇨병 최신 치료법과 관리법 (EBS 명의),혈당을 지켜라…당뇨병 최신 치료법과 관리법 (EBS 명의) 위키트리,https://news.google.com/rss/articles/CBMiVkFVX3lxTE5BcE5sam9haTlSSFVQUUlVWWpENGFta3h5eE9VLUdsZWJQc2JMT29NOU92b1ZGa2thbENLY0lZVzBpRzkyeGFZc0VtX2VMOG5EVkVYQ09B?oc=5,"Fri, 14 Aug 2026 11:54:00 GMT"
2026-08-16,google,당뇨,"황제성, 8kg 찌고 후덕해진 비주얼…강호동 ""안 건강해 보여, 당뇨 체크해라"" 걱정 (아형)","황제성, 8kg 찌고 후덕해진 비주얼…강호동 ""안 건강해 보여, 당뇨 체크해라"" 걱정 (아형) v.daum.net",https://news.google.com/rss/articles/CBMiT0FVX3lxTE5GNlV5MUVNQnRRQ3dBdTVLSkdpbXBEcm04YVo0cU9YU2NEdnE1NS1Lckh2YU5YTVdyYW1CTEZuUlVvUWo1RG1oZmt1NUcyOVU?oc=5,"Sat, 15 Aug 2026 13:01:00 GMT"
2026-08-16,google,당뇨,AI로 당뇨환자 응급실 방문 예측...정확도 87%,AI로 당뇨환자 응급실 방문 예측...정확도 87% 의학신문,https://news.google.com/rss/articles/CBMiakFVX3lxTE41d3V3Z1pzdURPajNpU0k5UUdEYzJyak9rb29QVHJOYzZuUUpvdUNuQ2MxZXRVM3d2UW9jTTI0Y3dVOFUtTk5lTXpDVmxCNXpUYUd6R2FwUHdJYlFJUktvUEtGTXVqVXNaZFE?oc=5,"Tue, 11 Aug 2026 02:11:30 GMT"
2026-08-16,google,당뇨,20대 5명 중 1명이 전당뇨라고? | 2030 혈당을 무너뜨린 진짜 범인은? - [나는의사다 시즌5 57회],20대 5명 중 1명이 전당뇨라고? | 2030 혈당을 무너뜨린 진짜 범인은? - [나는의사다 시즌5 57회] docdocdoc.co.kr,https://news.google.com/rss/articles/CBMicEFVX3lxTFBGQ3pGRU9YdUh2by1haVpnSGFuN2xCWG5pTkE1YjdidjdZRU5tcWFNQ3NhNTl4R3ZKN1pBTlkwNm9WajVRakpXc3RxZEVON3BiVGJVcC1IdzhYQzdic21vSW9WTFFRTHBrcEoydVd1QmXSAXNBVV95cUxObV80TTN1WklQR25kNGZRZFV1djNiRkhBbzVKdDloRjRYdDM3VzVFS2tyZWRqVXZDb1ZpOVd0UkYwNGRGNDZ2Z3Iyb09sRGROUnVHYzVXaVJWU2U1VGZhZkMybkt3S29CVXAwell6ZDVRWGg4?oc=5,"Thu, 13 Aug 2026 10:00:00 GMT"
2026-08-16,google,당뇨,[노동훈 원장의 사례로 본 재택의료] 바늘의 공포를 넘어…방문진료 현장에서 마주한 '당뇨 혁명',[노동훈 원장의 사례로 본 재택의료] 바늘의 공포를 넘어…방문진료 현장에서 마주한 '당뇨 혁명' 헬스경향,https://news.google.com/rss/articles/CBMia0FVX3lxTE51MXBleGdtLXFOUVN1QkZjQ2o4WHNuMElhMVlocGE3YU81eE9CMUNiVlBGeFVxLVplRThwVkU3MHJ2RDAxV1NqTmNGblg5WllXQkhPdU5iV2JuVGgyZndQb0YtdUJQYUlRakE4?oc=5,"Fri, 14 Aug 2026 16:50:04 GMT"
2026-08-16,google,당뇨,"당뇨환자 22.6%, 1년 내 응급실…AI가 위험 미리 잡는다","당뇨환자 22.6%, 1년 내 응급실…AI가 위험 미리 잡는다 v.daum.net",https://news.google.com/rss/articles/CBMiRkFVX3lxTE9CMlRBbF8xUTFUa1JmTzlocHRjeGpDRVRWVXpBdWxST2JGdW5NYjlOVG5YMEJHVVhlS1dKek5zV29JNXpJZ1E?oc=5,"Mon, 10 Aug 2026 22:09:02 GMT"
2026-08-16,google,당뇨,♣ 세곡보건지소 9월 슬기로운 고혈압·당뇨관리 공부방 일정 안내 ♣,♣ 세곡보건지소 9월 슬기로운 고혈압·당뇨관리 공부방 일정 안내 ♣ 강남구청,https://news.google.com/rss/articles/CBMifEFVX3lxTFB5cnd6Tk9RQ0QzaFFqbGVrc1NXbk45MXU0RmZ6V1l2bm9QSHpSY25DODI1ekdnZlQ0Q05iNmZlMkJ4OUJmNTdIUUZNaV9jS21oSkl3S1NmWjB4QV9CMmhmdWdZSkFIUnB5Q3YxbU9KWTI0SHhiVmI4Tm1seDE?oc=5,"Fri, 14 Aug 2026 04:53:22 GMT"
2026-08-16,google,당뇨,당뇨 환자 ‘응급실행’ AI로 미리 잡는다···예측 정확도 87%,당뇨 환자 ‘응급실행’ AI로 미리 잡는다···예측 정확도 87% khan.co.kr,https://news.google.com/rss/articles/CBMiWkFVX3lxTE0yN2cyV2RRZFpPVVg4bzRaNDJhcmNxUU1rSlVXYXdfTkk4SDQ4aVVpX2RZNkpSajJ4OS1vRENHWG9RNXhjQzlTblZlR0U5eGhQa1pKWU50LXZRZ9IBX0FVX3lxTFBEczVSVWxodmVwZHhzdzhuZVNQX1V3Qjl0THM2dzVKaTlPUDZZN1I1TUEzcWFVenEtbDNlSUtCM0htRnRLWGhpQ0NybUkzRElIZ25xdFR0M09QTzBIWWZB?oc=5,"Mon, 10 Aug 2026 23:20:00 GMT"
2026-08-16,google,당뇨,"“국산 당뇨 신약, 글로벌 표준치료 이끌 ‘K-메디신’ 대표 선례 되길” [Health&]","“국산 당뇨 신약, 글로벌 표준치료 이끌 ‘K-메디신’ 대표 선례 되길” [Health&] 중앙일보",https://news.google.com/rss/articles/CBMiVkFVX3lxTFBESkx1Mlgxd3EzUkZ6b3RYWEVnN2RJa1Z3SDZoeHF2RjhvS2hCaEJUYVAzLTBUSmVpeFZCR2stWE16MGVaMzhyblppSFg3eElqNnFJSmZB?oc=5,"Sun, 09 Aug 2026 20:30:01 GMT"
2026-08-16,google,당뇨,최신 당뇨약 나왔지만 보험 문턱은 15년 전…엇박자 난 치료 [15년 전 당뇨①],최신 당뇨약 나왔지만 보험 문턱은 15년 전…엇박자 난 치료 [15년 전 당뇨①] 쿠키뉴스,https://news.google.com/rss/articles/CBMiY0FVX3lxTFBoNXR1M0xWZ19xdnAxNGZVMDFZdkN1eGN0QzhyMHV0bk93aGNiVXdEUGR1R21rRElvWlRxMzBPZ25mYmxWb3BxMlBLanhiUG5FYlh1emJPdFlCaURmOHAzVkxhRQ?oc=5,"Sat, 15 Aug 2026 03:08:18 GMT"
2026-08-16,google,당뇨,“수술은 잘 됐다는데 점점 안 보여요”… ‘당뇨환자에서 백내장’ 재수술 부른 이유,“수술은 잘 됐다는데 점점 안 보여요”… ‘당뇨환자에서 백내장’ 재수술 부른 이유 바이오타임즈,https://news.google.com/rss/articles/CBMibEFVX3lxTE5PVUZZdWtRc2xRUVZLMlBPUTBoZm5MdjctaXVkajdvRDFYN3dMX21EMW0xeWJORlFkVDlIQ1BkcVhIa1RXNENWQlliZDVWX1NjdE1hMERjbUtycW1MWVFYQWNOSllGQnFpR1EwUw?oc=5,"Tue, 11 Aug 2026 04:00:00 GMT"
2026-08-16,google,당뇨,“당뇨 전단계일 때 꼭 해라”… 의사가 꼽은 ‘5가지 생활습관’,“당뇨 전단계일 때 꼭 해라”… 의사가 꼽은 ‘5가지 생활습관’ 헬스조선,https://news.google.com/rss/articles/CBMif0FVX3lxTE54T0JnSk9JQ0MtSW1pUlowQlpTaVN3c01oZUxpME45UGxiWW44Rl9LWUl5RGNRTGJiXzhjT2pXMjNOUTB2SUlUUmczTElMRHgxTHZzenRySHF1WE9UQkkyVzdmdjVuYW1GTW9uWVNEcTc2TV91emJVZGVlQUJwQWs?oc=5,"Fri, 24 Jul 2026 07:00:00 GMT"
2026-08-16,google,당뇨,"고혈압·당뇨 앓고 담배 피는 중년, “치매 발병 시점 12.6년 빠르다”","고혈압·당뇨 앓고 담배 피는 중년, “치매 발병 시점 12.6년 빠르다” 하이닥",https://news.google.com/rss/articles/CBMiakFVX3lxTE9qUVRnOTFzWEpSNFNBOVpzMy05N0prVWt5YnNuOWdLR1ctTWZpdTBOa09wUmRWTXZRekdRVWRZMkNaNzhmLUlLdGhQZG94UmoyZUYyTk53SE40TkJpMG45ODlJbTBWT2IwQnc?oc=5,"Wed, 12 Aug 2026 04:00:00 GMT"
2026-08-16,google,당뇨,"당뇨환자 응급실행 AI로 미리 예측…질병청, 예측모델 개발","당뇨환자 응급실행 AI로 미리 예측…질병청, 예측모델 개발 v.daum.net",https://news.google.com/rss/articles/CBMiS0FVX3lxTE8tT1VHdC0tS3NpUXJnSGxhcGY4WlFTYjVkbnRPRnZ1SC1kel9NYTBHNm5qTjNKaVFPZ09MNjk2WUE5OHNZRmtkUEZ1NA?oc=5,"Mon, 10 Aug 2026 21:03:36 GMT"
2026-08-16,google,고혈압,"""방심 금물""…오므론이 제안한 '여름 혈압관리'","""방심 금물""…오므론이 제안한 '여름 혈압관리' 뉴시스",https://news.google.com/rss/articles/CBMiYEFVX3lxTE0wLUd0RUw2cTFEVXlPT0NTNXppeXkzeTRmRzlrU25MOEZERGRvX3ktdVo5cEFOQ3lYalduYlRNNEVjTTJQLU44RHRFeUt2T3Zpbk5KYWlITGdVdjEwSUdiU9IBeEFVX3lxTE9CN3JkYXlFbC0yaEpkaUFnTW94OXRDRHhiamhvdGtFUGhFRF9PamVpeUFJc2RVNGJ3WV9hOHB3cXdDMHZjbDd1NHpqcWZhSXU5LWd2Ql9OMExETjFwdEQ5QjRka3Z6UUpnQ0xNWnBOWURYWUFCY1ozYw?oc=5,"Sat, 15 Aug 2026 03:01:00 GMT"
2026-08-16,google,고혈압,"政, 고혈압·당뇨병 노인 45만명 ‘지원 중단’","政, 고혈압·당뇨병 노인 45만명 ‘지원 중단’ 데일리메디",https://news.google.com/rss/articles/CBMiaEFVX3lxTFBITVZuaFYwY25MS1NiaFRkUl9LLXM3UGpwUWJabDVGVWEtLTMzNEFkbWszTnY2dWcwWWtvcDVPTjlQdGFINHVxYU1pZFctQTVwcFpjRDljN1BuNDZhZlQ2RkNkS0QzYUF5?oc=5,"Thu, 13 Aug 2026 07:34:00 GMT"
2026-08-16,google,고혈압,AZ 고혈압 신약 ‘박스펜디’ 비용효과성 기준 미달…,AZ 고혈압 신약 ‘박스펜디’ 비용효과성 기준 미달… 약사공론,https://news.google.com/rss/articles/CBMibEFVX3lxTE1LOHZQbzR2SVltLTcwNW5ybkdpWFZnWjFORWk1MzhIbjB5SzVLN1l2cUh0Tlh4QWlnOXlYcktTdUNEN2o5clBfbXB1ZUtmblJabkR1bEk5T2xRY3Nnc0hjVFhHZzVtdnUteV9TSw?oc=5,"Fri, 14 Aug 2026 20:49:00 GMT"
2026-08-16,google,고혈압,동네에 편의점 많으면 고혈압 환자 늘어,동네에 편의점 많으면 고혈압 환자 늘어 조선일보,https://news.google.com/rss/articles/CBMieEFVX3lxTE11SDVBdXlGR0JVZnNaOVpxLU8wcTV6bFhSV2tadjc0SG03SHdfVmNNRW5OSk9sQ1pOX3NKalMyVkoxS2k5Skl2cFRzTFQtRmZKZy0tQUxEdFNBbWUxcndueW4zNDB5alIteXp0cGVHTV9GRnM0em5JdA?oc=5,"Wed, 12 Aug 2026 15:41:53 GMT"
2026-08-16,google,고혈압,“이 세가지만 피하세요”…치매 없이 사는 기간 13년 길어졌다,“이 세가지만 피하세요”…치매 없이 사는 기간 13년 길어졌다 농민신문,https://news.google.com/rss/articles/CBMiWkFVX3lxTE9rc1BockVWaV9UX1ZPUllROGp5ZVh5SVlZanJRSVo0UnhsRzRjVjAwdVZVTlh4cmc5OEdxVUFFYm9QVFFyQU52NGFaSXBXSVFtX0JmdDBCNDN1QQ?oc=5,"Tue, 11 Aug 2026 07:00:00 GMT"
2026-08-16,google,고혈압,“혈관 이완 돕는다”… 혈압 관리 위해 매일 마시면 좋은 ‘음료’는?,“혈관 이완 돕는다”… 혈압 관리 위해 매일 마시면 좋은 ‘음료’는? 헬스조선,https://news.google.com/rss/articles/CBMif0FVX3lxTE4zMnVfYS1sN094czR2V3JtZ1lVVXkyWGV1Unh3X1VUSFdYVGZvb3NDZDFOWExYdGFrT1VYcmo0c1VoSlZQTHVBcnZMOFlYdlU0SnJ5S1U1dF9pckVzTGVvY3Q2RF9aX2JRdUNjVTZUOEQxRV9YVFVFLVdQTi16RWs?oc=5,"Thu, 13 Aug 2026 05:24:00 GMT"
2026-08-16,google,고혈압,"“고위험 고혈압 환자, 130/80mmHg부터 급여 적용해야”","“고위험 고혈압 환자, 130/80mmHg부터 급여 적용해야” 의사신문",https://news.google.com/rss/articles/CBMib0FVX3lxTE1BUmhtYTNvdHhQbVNIdUZlOG85NlVjRXBZNDJGMk56TTlxZFBNdzBRQ3NFdzNPWHZERWJiN1RoSFltcS12QS1vN05mYW5heEpZN1lmakZLUkpHcHlPbWlkeEpTU3N6ekhSdUZiMHR3NA?oc=5,"Thu, 23 Jul 2026 07:00:00 GMT"
2026-08-16,google,고혈압,"“이상지질혈증·고혈압 치료, 최신 전략은”","“이상지질혈증·고혈압 치료, 최신 전략은” 의협신문",https://news.google.com/rss/articles/CBMickFVX3lxTE5rUlhSSzRqUUlaZVl3dVNBcHB1NU1zNW0yV094RFd2V0g2VldTS0lZUWlTNlQ4eHFzZ1VNX0Y2Y2hleUZDc2ZtTkJROF9mcWhYTEZpeE9pcE9wNUlXSnNURDgyLTBpRkVYdEVUSF92VUl5UQ?oc=5,"Tue, 11 Aug 2026 03:01:14 GMT"
2026-08-16,google,고혈압,‘이것’ 많은 지역일수록 고혈압 유병률 높았다,‘이것’ 많은 지역일수록 고혈압 유병률 높았다 농민신문,https://news.google.com/rss/articles/CBMiWkFVX3lxTE9LVnp1NjcySEthek1FWGlnN25lZXhZaXM3RmRnN2JxbncxRm5OTmE3OVpxVnM4TDFXazdUdGxIU2k3THk0Q3dyRlZTdkZ4WW1RZDdva0ppYmdGdw?oc=5,"Tue, 11 Aug 2026 20:01:00 GMT"
2026-08-16,google,고혈압,폐동맥고혈압 학회·환자단체 “윈레브에어 신속등재 촉구”,폐동맥고혈압 학회·환자단체 “윈레브에어 신속등재 촉구” 의학신문,https://news.google.com/rss/articles/CBMiakFVX3lxTE9kc2x4ejNOYmk5OUtWcjc4R19nLTR6LWI1aUpFdXdUcFpYLUo2cmMxMlA5LU9Kd3pCbVRGWXhYRXEyVkwyZEgwNFdiT0xyV3dNZFdvRU9FeV83S2VKLU4ydUJiVFZ4WlVYc1E?oc=5,"Wed, 12 Aug 2026 03:07:53 GMT"
2026-08-16,google,고혈압,"테낙스, ‘칼륨채널 활성제’ 폐고혈압 3상 “실패”","테낙스, ‘칼륨채널 활성제’ 폐고혈압 3상 “실패” 바이오스펙테이터",https://news.google.com/rss/articles/CBMiV0FVX3lxTE9TalRmazlHMDhOSS05eENLc2l0djg4dVFLOGpOZ1NBaldiWWtZUUZoRHlEbWlwS1hOM190VkNwcnlWSm44eVFRUnlGX2w1SWV6OUxoaTV0bw?oc=5,"Thu, 13 Aug 2026 03:20:00 GMT"
2026-08-16,google,고혈압,[김길원의 헬스노트] 편의점 많은 동네일수록 고혈압 유병률 높았다,[김길원의 헬스노트] 편의점 많은 동네일수록 고혈압 유병률 높았다 연합뉴스,https://news.google.com/rss/articles/CBMiW0FVX3lxTE1iSXNPUm9rNDVfNTBSRUhQbXVkTEwwd19SazFlS2t2QXY5N0o4c3FmdzdRXzVqRmxTTldxc3hpZlhmaFZrY21GVE1wbENpV1ZoSnYyTDh1TTFiVE3SAWBBVV95cUxQTFdScU5mYm1jaUpoMDNzZGp3QzJIZUw4OG1fZlF3alVmNG10RTFMZzh1NmdlMVJCT1dPWGxRcW0xOWwwams5RTcxOVB4X1FNVmxzYjExMGc5ZHFiWlp3QXU?oc=5,"Mon, 10 Aug 2026 21:13:00 GMT"
2026-08-16,google,고혈압,"""130/80, 고혈압 치료 새 기준점 될 것""","""130/80, 고혈압 치료 새 기준점 될 것"" medipana.com",https://news.google.com/rss/articles/CBMia0FVX3lxTE9OZ1Y5U2JzX2ZjTWpuWlo3QjdUX0V2eUNSdkJhaDNibjZHQWIwbzFFZVM2eG5JTXVDZWN6c1Z0bF94dDE4ZDQwOWxfT1dSWlloQzdkS0NMTzVIQmljV1NjRTNDUXNhMGpkcDVB?oc=5,"Wed, 05 Aug 2026 07:00:00 GMT"
2026-08-16,google,고혈압,여름엔 혈압이 내려간다고? 고혈압 환자가 폭염에 더 조심해야 하는 이유,여름엔 혈압이 내려간다고? 고혈압 환자가 폭염에 더 조심해야 하는 이유 진주인터넷뉴스,https://news.google.com/rss/articles/CBMidkFVX3lxTE9OSlM2SWVURFZZOENCdnpTaS11UUhBOXk0SWhNTzN4ZTRnYkphWlFOYk1kU0RxeGprclJxTi1iams5Zy1sQVFwYWNnUEJSMkJuTVNkZUZZM3pTazhmWFQ4cE10akQ3djdfWTFyZHRfRjhVekpMN0E?oc=5,"Wed, 12 Aug 2026 23:00:05 GMT"
2026-08-16,google,고혈압,"'고혈압 측정 VS 무호흡 추적'…9월 찾아올 애플 워치, 갤럭시 워치와 진검승부 예고 - 머니투데이","'고혈압 측정 VS 무호흡 추적'…9월 찾아올 애플 워치, 갤럭시 워치와 진검승부 예고 - 머니투데이 머니투데이",https://news.google.com/rss/articles/CBMiZ0FVX3lxTE90YjB0OHljbWszOTRCV0hzSEI3TEVSb3lOc2RQVzdFZURIOWlXTkgtbTQwdXNaU28xcWdhcWhJbFlzUG1icV9URUkxdDFFTzZRUmhUcEVHem9kb09iWnBPTGhLWnNwcHPSAWxBVV95cUxOeEpZZkhhenJjVGc3T0lpZEg3eGNjcHZYUF80S2VBamRwZHg2bEdUazNMSkZyakZDaEZBUEtISjlWdkZXLWR0d3JtSEw1c25WYlJCT2FwRkVidGRYOXIxOWZJN0F6cHlvODBJZ08?oc=5,"Thu, 13 Aug 2026 21:00:00 GMT"
2026-08-16,google,고혈압,혈압·LDL-C 치료 3제복합제로 안전한 효과는 물론 순응도↑까지,혈압·LDL-C 치료 3제복합제로 안전한 효과는 물론 순응도↑까지 메디칼업저버,https://news.google.com/rss/articles/CBMia0FVX3lxTFBWcWFUT213YzBRMGl6MjV2SjhaNEgxTTVwaGZKVVEyRGgxaGVjT25MQmpQd0k4VmtxdS1vUFpSeFNhOTRlYjRXU3hnVFRFTHQxM3FnSU5BblhQU0c0MzkwLWROMmlGTFFLY2Jj?oc=5,"Thu, 13 Aug 2026 23:46:00 GMT"
2026-08-16,google,수술,서인영 “46㎏까지 뺐는데 팔뚝은 안 빠져 지방흡입수술”…효과와 주의점은,서인영 “46㎏까지 뺐는데 팔뚝은 안 빠져 지방흡입수술”…효과와 주의점은 헤럴드경제,https://news.google.com/rss/articles/CBMiVkFVX3lxTE4wXzlLTnZmVy15dnFIOWZPZThTbDJraFRLMGttdmxfa3BZQXFDd0RHNWpPSlNwS3RDbk5qdjNNcjJoci1MS0dyNmh2RE1Ld01BSEVoaUNB?oc=5,"Fri, 14 Aug 2026 01:19:37 GMT"
2026-08-16,google,수술,"타구 맞은 NC 임지민, 아래턱뼈 분쇄 골절…""다음주 초 수술""","타구 맞은 NC 임지민, 아래턱뼈 분쇄 골절…""다음주 초 수술"" 연합뉴스TV 강습 타구에 맞은 NC 임지민, 턱뼈 분쇄 골절…다음 주 수술 예정 뉴시스 얼굴에 타구 맞은 NC 임지민…""이번주 초 수술"" v.daum.net",https://news.google.com/rss/articles/CBMiZ0FVX3lxTE01MGhabUFraGJwYlItM0VwRlEwMGtabUdXNVl0MUpHaV8xYXJGRnlFN0tYenBlUXU5UHZKZFM3M2JQN2xYT24xS3h1YXNNeURHeWNYcnY3Unpvbkk1ZHdaLUZNelFnSFE?oc=5,"Sat, 15 Aug 2026 05:41:00 GMT"
2026-08-16,google,수술,"""성형수술 잘됐네"" 故 최진실 딸 최준희, 확 달라진 미모","""성형수술 잘됐네"" 故 최진실 딸 최준희, 확 달라진 미모 v.daum.net",https://news.google.com/rss/articles/CBMiT0FVX3lxTE5fNlRDOUEtSEdETFFneUMxU1VuMGVqSnNObWJJV0gzR3hvX0p4bFMtZ0dYaUVEalRXZkFsS2V0YWxleVJON2VrN29vQ0NhN1U?oc=5,"Sat, 15 Aug 2026 09:20:49 GMT"
2026-08-16,google,수술,"'최진실 딸' 최준희, 세 번째 쌍꺼풀 수술 ""엄마와 달리 난 인조적"" [N샷]","'최진실 딸' 최준희, 세 번째 쌍꺼풀 수술 ""엄마와 달리 난 인조적"" [N샷] 뉴스1",https://news.google.com/rss/articles/CBMiZEFVX3lxTE02M2s5dmdqc0xjMkN2RUU5TEI3MGstM3FwMnhYcC1KV2liUV85N09IbTZ4ZFFvMnBMamYwbzd6c04xRGtHdlZyMkFMeTB4UjVGZk9OMXQwRDZJTUdIWXo2WlFJS2fSAWpBVV95cUxPN3VoR0RvbTNOMkVXS1VTZzNzbGpzby0zQjJaU0JLSVN4MTdBWWtHYkhkNFNtTnhVemhnb0hGR0lQaG9aQjNobkFDd3F5QzdzSVZFVHBwNkxIdXJkcTVPUU1HSGFHNkY0Njl3?oc=5,"Sat, 15 Aug 2026 10:43:12 GMT"
2026-08-16,google,수술,"“이번엔 또 어디 고칠까”… 최준희도 반복해 받는 성형수술, 대체 왜?","“이번엔 또 어디 고칠까”… 최준희도 반복해 받는 성형수술, 대체 왜? 헬스조선",https://news.google.com/rss/articles/CBMif0FVX3lxTE1ZVDJINThkVGxXYjh6UGsxMzM2MktGZTJqRGtUQzBMOU1veWJGQVVVUzlmeUVEU1ZyN09rOWpvS3pOS3BlOVk1YkdtY051Z1lmMEkwS01BSkp0WGNibVAwMjNoNlF4VFFDbVpQZjFpQmdxaElQbUl5LU5FOHhPYUE?oc=5,"Sat, 15 Aug 2026 15:01:00 GMT"
2026-08-16,google,수술,"목 골절 수술 뒤에도 달린 72세 교수…“누우면 죽고, 달리면 산다” [양종구의 100세 시대 건강법]","목 골절 수술 뒤에도 달린 72세 교수…“누우면 죽고, 달리면 산다” [양종구의 100세 시대 건강법] 동아일보",https://news.google.com/rss/articles/CBMib0FVX3lxTFBPTklpb1l3dnJmM0lpOXg1NzJZNnJUM3pKaFhfeEFBT0l4RzlqeG81MmViRE1Sc0xveU9YMks5amFIRkhQbVNKclpSVjFObElhYzBVRFVMeFV6alViQmE4NmpaUl95QVA0Z0xkT2JDSdIBZkFVX3lxTE1wVmV0UU9SVlNUY0ZDckItQkFLd0J4cVZvT2d2V0h5YVhac0V5T3VNNXhmX0ttZE1aVmZzTkdEM0prMUk1R25vb05NTElMX3F4N1c2ZW9ldU0wUGpJRzVnMUZROS1aQQ?oc=5,"Sat, 15 Aug 2026 03:00:00 GMT"
2026-08-16,google,수술,"“무지외반증, 뼈 깎는 수술 아니다”…발 질환 오해와 진실","“무지외반증, 뼈 깎는 수술 아니다”…발 질환 오해와 진실 서울경제",https://news.google.com/rss/articles/CBMiUkFVX3lxTFBaNmNZZGptSk13VUVidE9nZTJJRklFSXpmU092LThaWExsWHVYak9Od21CTjBoTVhzRXZreWJvYVNqMk13MG5Ud0h6clBvRHZEUHc?oc=5,"Fri, 14 Aug 2026 22:59:20 GMT"
2026-08-16,google,수술,"18세 한국계 女골퍼 제시카 방, 뇌출혈로 사망… 긴급수술 후 의식 회복 못해","18세 한국계 女골퍼 제시카 방, 뇌출혈로 사망… 긴급수술 후 의식 회복 못해 서울신문",https://news.google.com/rss/articles/CBMiiAFBVV95cUxOOFR4ck5tR2VGNnAzYmNsRjhkLWlrQWc3ckJHUFRRVEI5S1VGWnVHOUt0dUV0T0RNZ2t3cTE1XzB6NTFFRnpCQ3BOQTZxUzRGZXNUUXMtX0JpbTJ6UlZjdmkwLU9HSGxTeVBCMVdnMm53dE1qSnpMZlpSd0xjNktYbXVkbEt6ajRS?oc=5,"Thu, 13 Aug 2026 23:01:11 GMT"
2026-08-16,google,수술,‘넷째 임신’ 김동현 아내 “정관 수술 좀 빨리했나”..깜짝 발언(동현이넷) - 조선비즈,‘넷째 임신’ 김동현 아내 “정관 수술 좀 빨리했나”..깜짝 발언(동현이넷) - 조선비즈 Chosunbiz,https://news.google.com/rss/articles/CBMikwFBVV95cUxNZTBENXM5aVdwb2tuWkNkSkROeUMxRVRVTnNFQXpERFk4V2hLUi10RHBOUmQ3clV0bnVIdmZ3TWpneWdNVFZWWVY5SElGak5odmVNNVUzaG9vTlRCaUZGUTJnZlo2b0MwdXBPdl82cGtVcHJNUWJlamhLZWtsazBkNFpNa08tS0NQenRpblJaN3A4c3PSAacBQVVfeXFMTkRiRjNuNTFSQjJaclUzMFJiakxYazQzbWZKbF8wMHIzVVN5YmQ4TUpOLU9JYUVuMmMyOXk5SjE3eEpTNDlmRUdZblNKeXR5R0k4R21WQzBxaVU1ZHM5UjZJcW0xSjdNU1g3eWN0amJLb0hvenJ3RzRxTFdlQmhLNU1DN2kydnlLejAwX3dGN1VEem9LRzV4S0dnVmdZaV9lUzNoaTJhZTQ?oc=5,"Sat, 15 Aug 2026 10:33:00 GMT"
2026-08-16,google,수술,[사진] 응원수술 흔들며 치어리딩 배우는 어린이들,[사진] 응원수술 흔들며 치어리딩 배우는 어린이들 nbnnews.co.kr,https://news.google.com/rss/articles/CBMibEFVX3lxTE1xMVBfNGZ1ckljX0xZMVJXLVh0ZDBWWTBPR1V4NC1Yd3NtNl9PV2FXN1c3WFNNOG1hSWtva3JWMjF0ck9fVTlURm9UbHRiM1gxejZSRXpRN0l4SEJfa0ljVFJsbjdoRUFUQlg5TdIBcEFVX3lxTFBhUk5jUlFVbC1WVzRtY2lCdnNDalR6Qkthd2VKR3hzVkJRTXpXYWhmTHZHLWM0MlpFYkpUcF9RczJ0b2F4MFJ1eEJzTVVxYWVXSzZKYmE1U3NxdFZRWi1YM29zQmhPWXFLS3A5Mm1adkM?oc=5,"Sat, 15 Aug 2026 00:55:45 GMT"
2026-08-16,google,수술,"엄지원 ""철심 18개 수술 후 재활""…발목 골절 뒤 운동 방법은 [헬스톡]","엄지원 ""철심 18개 수술 후 재활""…발목 골절 뒤 운동 방법은 [헬스톡] 파이낸셜뉴스",https://news.google.com/rss/articles/CBMiWkFVX3lxTE1Ya0pqT1JYS3pzRllCZHM3YzZxUTRRU3czNmJnSXVvV1EtVThtWGgwOUh2M0dHcHlocnlQWFVWb0Z1LXVXcUZ2WjZOVUd2R3lPTkZOV1NKc1BvZw?oc=5,"Fri, 14 Aug 2026 22:20:00 GMT"
2026-08-16,google,수술,정형외과 수술할수록 ‘적자’ 천덕꾸러기 전락,정형외과 수술할수록 ‘적자’ 천덕꾸러기 전락 데일리메디,https://news.google.com/rss/articles/CBMiaEFVX3lxTE9BemJWb3BKZUxxZ3pFejZOY3l3cnZVZWJCbXBWeHBYT1JxYnZzZHpVNmwyNUQyZ0VSd1hlUXVoQ0VvQkYzazg5a1Ewak9wZzZlYmRjTm5kLXVxRF95X0VQTXlXSENDeC1w?oc=5,"Thu, 13 Aug 2026 21:18:00 GMT"
2026-08-16,google,수술,"얼굴에 타구 맞은 NC 임지민…""이번주 초 수술""","얼굴에 타구 맞은 NC 임지민…""이번주 초 수술"" 연합뉴스TV",https://news.google.com/rss/articles/CBMiZ0FVX3lxTE9URUlidHd6QlRCUXdhN091dEstSEIzQXVBcS1ZSm9kU0dFRmtrS3I2M3FEeTBEdDFiU0xiaGhjNS1vYUNyczBITlVCMFZERjN4eXlWUHhpZ2pyTFZFdlVvelQ0dWhwYW8?oc=5,"Sun, 16 Aug 2026 00:04:00 GMT"
2026-08-16,google,수술,"타구 맞은 NC 임지민, 턱뼈 골절로 다음 주 수술 예정","타구 맞은 NC 임지민, 턱뼈 골절로 다음 주 수술 예정 중앙일보",https://news.google.com/rss/articles/CBMiVkFVX3lxTFBGMkNRZWZTc1VyTXJWQjZPMDl6b290SGItRDByZTBub2x0OWhsNFBxbUIxeGxSOXFJdVdXYm9YRjg5dmhBdDlRcEJDUTJIZTZaU2pnb1dR?oc=5,"Sat, 15 Aug 2026 05:38:58 GMT"
2026-08-16,google,수술,"""전신마취 후 갑자기 심정지""…어깨 수술 사망 유족, 병원 고소","""전신마취 후 갑자기 심정지""…어깨 수술 사망 유족, 병원 고소 연합뉴스",https://news.google.com/rss/articles/CBMiW0FVX3lxTE1SR1lYUm5JS1IwckVjNzBGVzJzYUp1LU1wYnRHV0piQ2haeWYxUFMyRzJreUw5RFFrVkdYbDZJQW5QT0JWX09LWi05N1J1R1JoMjBGUU5FMXhhOE3SAWBBVV95cUxQYXVfb0plVF84RXk0QUpma2tibzN2eEhqTGg5NTNma01GNDFmd0d2WjJkbVlnclZBMWhoVUd2VTdUWS1VYVJaazd5TjRpNFk0cERzZV9JNzR6Z2RJWnZ2ek4?oc=5,"Mon, 10 Aug 2026 05:24:20 GMT"
2026-08-16,google,수술,"미국에서 고관절 수술 마친 최정 ""내년 건강한 모습으로 복귀""","미국에서 고관절 수술 마친 최정 ""내년 건강한 모습으로 복귀"" YTN",https://news.google.com/rss/articles/CBMiXkFVX3lxTFBjTVl1clV4OXRkTXhuSXJJTDYxNUFrNTNsajJkZjBLaXVqODRpR09kMWxaTVdES1puc2tZb2tXcDRYd0pxbDlodXhlMm1mY3Bvd2sxUHl6Vy1tQlc5THc?oc=5,"Wed, 12 Aug 2026 05:39:00 GMT"
2026-08-16,google,수술,"최준희 ""엄마 故최진실은 미소녀, 난 인조 퀸""..잦은 성형수술 이유 밝혔다","최준희 ""엄마 故최진실은 미소녀, 난 인조 퀸""..잦은 성형수술 이유 밝혔다 v.daum.net",https://news.google.com/rss/articles/CBMiT0FVX3lxTE1FdVVuV2RzMzJfclpVSmhpNEZNNXJJd3BzZFRKY0o0Vl9FU3Z3c3BBRm5OaUZTNGlwclY4OEtTbXVkaW1CeTVFVl82NUlpQ1E?oc=5,"Sat, 15 Aug 2026 10:09:27 GMT"
2026-08-16,google,수술,"오스템임플란트, 실전 중심 임플란트 수술 마스터코스 개강","오스템임플란트, 실전 중심 임플란트 수술 마스터코스 개강 치과신문",https://news.google.com/rss/articles/CBMiZkFVX3lxTFBCVmJtY2tyMXVNTzBhRTNac3p0T3h3SlVlQ2VlMm9nYWs1LU56WUVISExNNWJWX3A5c0Rocjhrd1pCaExwMUpsMUJ6cVZlVUdwTzJoa1Z2eXhtSnQ5T0d6eWw1QnF6QQ?oc=5,"Sat, 15 Aug 2026 03:41:55 GMT"
2026-08-16,google,수술,환자 생명 위협하는 불법대리수술 병원,환자 생명 위협하는 불법대리수술 병원 경북매일,https://news.google.com/rss/articles/CBMiWkFVX3lxTE5XcWhrc0FueUxsM0xoejJSeEtsN25QRlg5UmEyQTNyeE9Qcjk1ZXlFOWFCUmUxQ1BISFhvNnZzOEw0UHgzU2JQRmMyQWsxVEo5VWcxY093cjJUQQ?oc=5,"Sat, 15 Aug 2026 02:48:00 GMT"
2026-08-16,google,수술,“고령 관절·척추 수술도 필수의료 체계 편입해야”,“고령 관절·척추 수술도 필수의료 체계 편입해야” 의사신문,https://news.google.com/rss/articles/CBMib0FVX3lxTE5lRTBMWVVHX1Rlci04ZjBIZ2xoMEo0dzRRT1lNcE1KaW9OVjAxRnlkUkJFWURsX19MZzhDSXdTVEc0M3hUamlEYnhrVC1xSGZtQ2ptSk9VOFBLdjViRHc0ZzV0Q09lN2tMVXR0Y18xdw?oc=5,"Thu, 13 Aug 2026 21:00:00 GMT"
